#skill								TUD					type側			
No	Code	Sort	大分類	Code	Sort	小分類	対象外	TUDでの連携案	大分類	中分類	小分類	メモ	スキルカテゴリ	スキル大分類	中分類	小分類
1	Grp1	1	技術系（システム・ネットワーク）	1	1	要件定義（オープン・Web系）		◯	技術系（システム・ネットワーク）	経験業務	要件定義（オープン・Web系）		ITエンジニア関連職種	経験業務	システム開発（オープン・Web系）	要件定義
2	Grp1	2	技術系（システム・ネットワーク）	2	2	基本設計（オープン・Web系）		◯	技術系（システム・ネットワーク）	経験業務	基本設計（オープン・Web系）		ITエンジニア関連職種	経験業務	システム開発（オープン・Web系）	基本設計
3	Grp1	3	技術系（システム・ネットワーク）	3	3	詳細設計（オープン・Web系）		◯	技術系（システム・ネットワーク）	経験業務	詳細設計（オープン・Web系）		ITエンジニア関連職種	経験業務	システム開発（オープン・Web系）	詳細設計
4	Grp1	4	技術系（システム・ネットワーク）	4	4	プログラミング（オープン・Web系）		◯	技術系（システム・ネットワーク）	経験業務	プログラミング（オープン・Web系）		ITエンジニア関連職種	経験業務	システム開発（オープン・Web系）	プログラミング
5	Grp1	5	技術系（システム・ネットワーク）	5	5	テスティング（オープン・Web系）		◯	技術系（システム・ネットワーク）	経験業務	テスティング（オープン・Web系）		ITエンジニア関連職種	経験業務	システム開発（オープン・Web系）	テスティング
6	Grp1	6	技術系（システム・ネットワーク）	6	6	要件定義（制御・ファームウェア・組込系）		◯	技術系（システム・ネットワーク）	経験業務	要件定義（制御・ファームウェア・組込系）		ITエンジニア関連職種	経験業務	システム開発（制御・ファームウェア・組込系）	要件定義
7	Grp1	7	技術系（システム・ネットワーク）	7	7	基本設計（制御・ファームウェア・組込系）		◯	技術系（システム・ネットワーク）	経験業務	基本設計（制御・ファームウェア・組込系）		ITエンジニア関連職種	経験業務	システム開発（制御・ファームウェア・組込系）	基本設計
8	Grp1	8	技術系（システム・ネットワーク）	8	8	詳細設計（制御・ファームウェア・組込系）		◯	技術系（システム・ネットワーク）	経験業務	詳細設計（制御・ファームウェア・組込系）		ITエンジニア関連職種	経験業務	システム開発（制御・ファームウェア・組込系）	詳細設計
9	Grp1	9	技術系（システム・ネットワーク）	9	9	プログラミング（制御・ファームウェア・組込系）		◯	技術系（システム・ネットワーク）	経験業務	プログラミング（制御・ファームウェア・組込系）		ITエンジニア関連職種	経験業務	システム開発（制御・ファームウェア・組込系）	プログラミング
10	Grp1	10	技術系（システム・ネットワーク）	10	10	テスティング（制御・ファームウェア・組込系）		◯	技術系（システム・ネットワーク）	経験業務	テスティング（制御・ファームウェア・組込系）		ITエンジニア関連職種	経験業務	システム開発（制御・ファームウェア・組込系）	テスティング
11	Grp1	11	技術系（システム・ネットワーク）	11	11	要件定義（汎用機系）		◯	技術系（システム・ネットワーク）	経験業務	要件定義（汎用機系）		ITエンジニア関連職種	経験業務	システム開発（汎用機系）	要件定義
12	Grp1	12	技術系（システム・ネットワーク）	12	12	基本設計（汎用機系）		◯	技術系（システム・ネットワーク）	経験業務	基本設計（汎用機系）		ITエンジニア関連職種	経験業務	システム開発（汎用機系）	基本設計
13	Grp1	13	技術系（システム・ネットワーク）	13	13	詳細設計（汎用機系）		◯	技術系（システム・ネットワーク）	経験業務	詳細設計（汎用機系）		ITエンジニア関連職種	経験業務	システム開発（汎用機系）	詳細設計
14	Grp1	14	技術系（システム・ネットワーク）	14	14	プログラミング（汎用機系）		◯	技術系（システム・ネットワーク）	経験業務	プログラミング（汎用機系）		ITエンジニア関連職種	経験業務	システム開発（汎用機系）	プログラミング
15	Grp1	15	技術系（システム・ネットワーク）	15	15	テスティング（汎用機系）		◯	技術系（システム・ネットワーク）	経験業務	テスティング（汎用機系）		ITエンジニア関連職種	経験業務	システム開発（汎用機系）	テスティング
16		0		16	0	研究開発	対象外	×			研究開発		ITエンジニア関連職種	経験業務	パッケージソフト・OS開発	研究開発
17		0		17	0	プロダクト開発	対象外	×			プロダクト開発		ITエンジニア関連職種	経験業務	パッケージソフト・OS開発	プロダクト開発
18		0		18	0	ローカライズ	対象外	×			ローカライズ		ITエンジニア関連職種	経験業務	パッケージソフト・OS開発	ローカライズ
19		0		19	0	テスティング	対象外	×			テスティング		ITエンジニア関連職種	経験業務	パッケージソフト・OS開発	テスティング
20		0		20	0	ネットワーク設計・構築	対象外	×			ネットワーク設計・構築		ITエンジニア関連職種	経験業務	ネットワーク・サーバ・DB設計、運用	ネットワーク設計・構築
21		0		21	0	ネットワーク運用・保守・監視	対象外	×			ネットワーク運用・保守・監視		ITエンジニア関連職種	経験業務	ネットワーク・サーバ・DB設計、運用	ネットワーク運用・保守・監視
22		0		22	0	サーバ設計・構築	対象外	×			サーバ設計・構築		ITエンジニア関連職種	経験業務	ネットワーク・サーバ・DB設計、運用	サーバ設計・構築
23		0		23	0	サーバ運用・保守	対象外	×			サーバ運用・保守		ITエンジニア関連職種	経験業務	ネットワーク・サーバ・DB設計、運用	サーバ運用・保守
24	Grp1	24	技術系（システム・ネットワーク）	24	24	データベース論理設計		◯	技術系（システム・ネットワーク）	経験業務	データベース論理設計		ITエンジニア関連職種	経験業務	ネットワーク・サーバ・DB設計、運用	データベース論理設計
25	Grp1	25	技術系（システム・ネットワーク）	25	25	データベース物理設計		◯	技術系（システム・ネットワーク）	経験業務	データベース物理設計		ITエンジニア関連職種	経験業務	ネットワーク・サーバ・DB設計、運用	データベース物理設計
26	Grp1	26	技術系（システム・ネットワーク）	26	26	データベースチューニング		◯	技術系（システム・ネットワーク）	経験業務	データベースチューニング		ITエンジニア関連職種	経験業務	ネットワーク・サーバ・DB設計、運用	データベースチューニング
27	Grp1	27	技術系（システム・ネットワーク）	27	27	データベース運用・保守		◯	技術系（システム・ネットワーク）	経験業務	データベース運用・保守		ITエンジニア関連職種	経験業務	ネットワーク・サーバ・DB設計、運用	データベース運用・保守
28		0		28	0	システムコンサルティング	対象外	×			システムコンサルティング		ITエンジニア関連職種	経験業務	システムコンサルティング、プリセールス	システムコンサルティング
29		0		29	0	パッケージ導入コンサルティング（ERP、CRM、SCM等）	対象外	×			パッケージ導入コンサルティング（ERP、CRM、SCM等）		ITエンジニア関連職種	経験業務	システムコンサルティング、プリセールス	パッケージ導入コンサルティング（ERP、CRM、SCM等）
30		0		30	0	セキュリティコンサルティング	対象外	×			セキュリティコンサルティング		ITエンジニア関連職種	経験業務	システムコンサルティング、プリセールス	セキュリティコンサルティング
31		0		31	0	プリセールス	対象外	×			プリセールス		ITエンジニア関連職種	経験業務	システムコンサルティング、プリセールス	プリセールス
32		0		32	0	システム運用・保守	対象外	×			システム運用・保守		ITエンジニア関連職種	経験業務	システム運用・サポート、その他	システム運用・保守
33		0		33	0	ネットワーク・サーバ運用・保守	対象外	×			ネットワーク・サーバ運用・保守		ITエンジニア関連職種	経験業務	システム運用・サポート、その他	ネットワーク・サーバ運用・保守
34		0		34	0	テクニカルサポート	対象外	×			テクニカルサポート		ITエンジニア関連職種	経験業務	システム運用・サポート、その他	テクニカルサポート
35		0		35	0	システム導入・運用トレーニング	対象外	×			システム導入・運用トレーニング		ITエンジニア関連職種	経験業務	システム運用・サポート、その他	システム導入・運用トレーニング
36		0		36	0	社内SE	対象外	×			社内SE		ITエンジニア関連職種	経験業務	システム運用・サポート、その他	社内SE
37		0		37	0	セールスエンジニア	対象外	×			セールスエンジニア		ITエンジニア関連職種	経験業務	システム運用・サポート、その他	セールスエンジニア
38		0		38	0	PM	対象外	×			PM		ITエンジニア関連職種	経験業務	プロジェクトマネジメント経験	PM
39		0		39	0	PL	対象外	×			PL		ITエンジニア関連職種	経験業務	プロジェクトマネジメント経験	PL
40		0		40	0	Scrum Master	対象外	×			Scrum Master		ITエンジニア関連職種	経験業務	プロジェクトマネジメント経験	Scrum Master
41		0		41	0	PMO	対象外	×			PMO		ITエンジニア関連職種	経験業務	プロジェクトマネジメント経験	PMO
42		0		42	0	財務・会計	対象外	×			財務・会計		ITエンジニア関連職種	経験分野	業種	財務・会計
43		0		43	0	人事・労務	対象外	×			人事・労務		ITエンジニア関連職種	経験分野	業種	人事・労務
44		0		44	0	製造	対象外	×			製造		ITエンジニア関連職種	経験分野	業種	製造
45		0		45	0	流通・小売	対象外	×			流通・小売		ITエンジニア関連職種	経験分野	業種	流通・小売
46		0		46	0	金融	対象外	×			金融		ITエンジニア関連職種	経験分野	業種	金融
47		0		47	0	営業・販売・マーケティング	対象外	×			営業・販売・マーケティング		ITエンジニア関連職種	経験分野	業種	営業・販売・マーケティング
48		0		48	0	通信関係	対象外	×			通信関係		ITエンジニア関連職種	経験分野	業種	通信関係
49		0		49	0	官公庁・公共機関	対象外	×			官公庁・公共機関		ITエンジニア関連職種	経験分野	業種	官公庁・公共機関
50		0		50	0	その他業種	対象外	×			その他業種		ITエンジニア関連職種	経験分野	業種	その他業種
51		0		51	0	自社製品/自社サービス	対象外	×			自社製品/自社サービス		ITエンジニア関連職種	経験分野	業務形態	自社製品/自社サービス
52		0		52	0	受託開発（自社内開発）	対象外	×			受託開発（自社内開発）		ITエンジニア関連職種	経験分野	業務形態	受託開発（自社内開発）
53		0		53	0	受託開発（社外常駐）	対象外	×			受託開発（社外常駐）		ITエンジニア関連職種	経験分野	業務形態	受託開発（社外常駐）
54		0		54	0	その他開発業務形態	対象外	×			その他開発業務形態		ITエンジニア関連職種	経験分野	業務形態	その他開発業務形態
55	Grp1	55	技術系（システム・ネットワーク）	55	55	Webサイト開発		◯	技術系（システム・ネットワーク）	技術領域	Webサイト開発		ITエンジニア関連職種	経験分野	技術領域	Webサイト開発
56	Grp1	56	技術系（システム・ネットワーク）	56	56	ソーシャルメディア		◯	技術系（システム・ネットワーク）	技術領域	ソーシャルメディア		ITエンジニア関連職種	経験分野	技術領域	ソーシャルメディア
57	Grp1	57	技術系（システム・ネットワーク）	57	57	EC		◯	技術系（システム・ネットワーク）	技術領域	EC		ITエンジニア関連職種	経験分野	技術領域	EC
58	Grp1	58	技術系（システム・ネットワーク）	58	58	ソーシャルゲーム		◯	技術系（システム・ネットワーク）	技術領域	ソーシャルゲーム		ITエンジニア関連職種	経験分野	技術領域	ソーシャルゲーム
59	Grp1	59	技術系（システム・ネットワーク）	59	59	IoT		◯	技術系（システム・ネットワーク）	技術領域	IoT		ITエンジニア関連職種	経験分野	技術領域	IoT
60	Grp1	60	技術系（システム・ネットワーク）	60	60	AI		◯	技術系（システム・ネットワーク）	技術領域	AI		ITエンジニア関連職種	経験分野	技術領域	AI
61	Grp1	61	技術系（システム・ネットワーク）	61	61	AR		◯	技術系（システム・ネットワーク）	技術領域	AR		ITエンジニア関連職種	経験分野	技術領域	AR
62	Grp1	62	技術系（システム・ネットワーク）	62	62	VR		◯	技術系（システム・ネットワーク）	技術領域	VR		ITエンジニア関連職種	経験分野	技術領域	VR
63	Grp1	63	技術系（システム・ネットワーク）	63	63	自然言語処理		◯	技術系（システム・ネットワーク）	技術領域	自然言語処理		ITエンジニア関連職種	経験分野	技術領域	自然言語処理
64	Grp1	64	技術系（システム・ネットワーク）	64	64	Win/Macアプリケーション			技術系（システム・ネットワーク）	技術領域	Win/Macアプリケーション		ITエンジニア関連職種	経験分野	技術領域	Win/Macアプリケーション
65	Grp1	65	技術系（システム・ネットワーク）	65	65	iOS開発		◯	技術系（システム・ネットワーク）	技術領域	iOS開発		ITエンジニア関連職種	経験分野	技術領域	iOS開発
66	Grp1	66	技術系（システム・ネットワーク）	66	66	Android開発		◯	技術系（システム・ネットワーク）	技術領域	Android開発		ITエンジニア関連職種	経験分野	技術領域	Android開発
67		0		67	0	EDI	対象外	×			EDI		ITエンジニア関連職種	経験分野	技術領域	EDI
68		0		68	0	CTI	対象外	×			CTI		ITエンジニア関連職種	経験分野	技術領域	CTI
69	Grp1	69	技術系（システム・ネットワーク）	69	69	DWH		◯	技術系（システム・ネットワーク）	技術領域	DWH		ITエンジニア関連職種	経験分野	技術領域	DWH
70		0		70	0	セキュリティ	対象外	×			セキュリティ		ITエンジニア関連職種	経験分野	技術領域	セキュリティ
71		0		71	0	ネットワーク	対象外	×			ネットワーク		ITエンジニア関連職種	経験分野	技術領域	ネットワーク
72		0		72	0	その他技術領域	対象外	×			その他技術領域		ITエンジニア関連職種	経験分野	技術領域	その他技術領域
73		0		73	0	PMBOK	対象外	×			PMBOK		ITエンジニア関連職種	経験分野	開発手法	PMBOK
74		0		74	0	ADSG	対象外	×			ADSG		ITエンジニア関連職種	経験分野	開発手法	ADSG
75		0		75	0	DevOps	対象外	×			DevOps		ITエンジニア関連職種	経験分野	開発手法	DevOps
76		0		76	0	SRE	対象外	×			SRE		ITエンジニア関連職種	経験分野	開発手法	SRE
77		0		77	0	スクラム	対象外	×			スクラム		ITエンジニア関連職種	経験分野	開発手法	スクラム
78		0		78	0	XP	対象外	×			XP		ITエンジニア関連職種	経験分野	開発手法	XP
79		0		79	0	リーンスタートアップ	対象外	×			リーンスタートアップ		ITエンジニア関連職種	経験分野	開発手法	その他アジャイル開発手法
80		0		80	0	その他アジャイル開発手法	対象外	×			その他アジャイル開発手法		ITエンジニア関連職種	経験分野	開発手法	
81		0		81	0	AIX	対象外	×			AIX		ITエンジニア関連職種	開発環境	OS	AIX
82	Grp1	82	技術系（システム・ネットワーク）	82	82	Android		◯	技術系（システム・ネットワーク）	OS	Android		ITエンジニア関連職種	開発環境	OS	Android
83		0		83	0	BSD	対象外	×			BSD		ITエンジニア関連職種	開発環境	OS	BSD
84	Grp1	84	技術系（システム・ネットワーク）	84	84	CentOS		◯	技術系（システム・ネットワーク）	OS	CentOS		ITエンジニア関連職種	開発環境	OS	CentOS
85		0		85	0	Debian	対象外	×			Debian		ITエンジニア関連職種	開発環境	OS	Debian
86		0		86	0	HP-UX	対象外	×			HP-UX		ITエンジニア関連職種	開発環境	OS	HP-UX
87	Grp1	87	技術系（システム・ネットワーク）	87	87	iOS		◯	技術系（システム・ネットワーク）	OS	iOS		ITエンジニア関連職種	開発環境	OS	iOS
88		88		88	88	Mac OS	対象外	◯			Mac OS		ITエンジニア関連職種	開発環境	OS	Mac OS
89		0		89	0	OS/400（AS/400i）	対象外	×			OS/400（AS/400i）		ITエンジニア関連職種	開発環境	OS	OS/400（AS/400i）
90		0		90	0	Raspbian	対象外	×			Raspbian		ITエンジニア関連職種	開発環境	OS	Raspbian
91	Grp1	91	技術系（システム・ネットワーク）	91	91	Red Hat Enterprise Linux		◯	技術系（システム・ネットワーク）	OS	Red Hat Enterprise Linux		ITエンジニア関連職種	開発環境	OS	Red Hat Enterprise Linux
92	Grp1	92	技術系（システム・ネットワーク）	92	92	Slackware		◯	技術系（システム・ネットワーク）	OS	Slackware		ITエンジニア関連職種	開発環境	OS	Slackware
93		0		93	0	Solaris	対象外	×			Solaris		ITエンジニア関連職種	開発環境	OS	Solaris
94	Grp1	94	技術系（システム・ネットワーク）	94	94	Ubuntu		◯	技術系（システム・ネットワーク）	OS	Ubuntu		ITエンジニア関連職種	開発環境	OS	Ubuntu
95	Grp1	95	技術系（システム・ネットワーク）	95	95	Windows OS		◯	技術系（システム・ネットワーク）	OS	Windows OS		ITエンジニア関連職種	開発環境	OS	Windows OS
96	Grp1	96	技術系（システム・ネットワーク）	96	96	Windows Server		◯	技術系（システム・ネットワーク）	OS	Windows Server		ITエンジニア関連職種	開発環境	OS	Windows Server
97		0		97	0	その他Linux系OS	対象外	×			その他Linux系OS		ITエンジニア関連職種	開発環境	OS	その他Linux系OS
98		0		98	0	その他OS	対象外	×			その他OS		ITエンジニア関連職種	開発環境	OS	その他OS
99		0		99	0	ABAP	対象外	×			ABAP		ITエンジニア関連職種	開発環境	言語	ABAP
100		0		100	0	ActionScript	対象外	×			ActionScript		ITエンジニア関連職種	開発環境	言語	ActionScript
101		0		101	0	Apex	対象外	×			Apex		ITエンジニア関連職種	開発環境	言語	Apex
102		0		102	0	BASIC系	対象外	×			BASIC系		ITエンジニア関連職種	開発環境	言語	BASIC系
103	Grp1	103	技術系（システム・ネットワーク）	103	103	C		◯	技術系（システム・ネットワーク）	プログラミング	C		ITエンジニア関連職種	開発環境	言語	C
104	Grp1	104	技術系（システム・ネットワーク）	104	104	C#		◯	技術系（システム・ネットワーク）		C#		ITエンジニア関連職種	開発環境	言語	C#
105	Grp1	105	技術系（システム・ネットワーク）	105	105	C++		◯	技術系（システム・ネットワーク）	プログラミング	C++		ITエンジニア関連職種	開発環境	言語	C++
106		0		106	0	Clojure	対象外	×			Clojure		ITエンジニア関連職種	開発環境	言語	Clojure
107		0		107	0	CoffeeScript	対象外	×			CoffeeScript		ITエンジニア関連職種	開発環境	言語	CoffeeScript
108	Grp1	108	技術系（システム・ネットワーク）	108	108	CSS		◯	技術系（システム・ネットワーク）	プログラミング	CSS		ITエンジニア関連職種	開発環境	言語	CSS
109		0		109	0	Curl	対象外	×			Curl		ITエンジニア関連職種	開発環境	言語	Curl
110		0		110	0	Dart	対象外	×			Dart		ITエンジニア関連職種	開発環境	言語	Dart
111		0		111	0	Delphi	対象外	×			Delphi		ITエンジニア関連職種	開発環境	言語	Delphi
112		0		112	0	Elixir	対象外	×			Elixir		ITエンジニア関連職種	開発環境	言語	Elixir
113		0		113	0	Erlang	対象外	×			Erlang		ITエンジニア関連職種	開発環境	言語	Erlang
114		0		114	0	F#	対象外	×			F#		ITエンジニア関連職種	開発環境	言語	F#
115	Grp1	115	技術系（システム・ネットワーク）	115	115	Go		◯	技術系（システム・ネットワーク）	プログラミング	Go		ITエンジニア関連職種	開発環境	言語	Go
116		0		116	0	Groovy	対象外	×			Groovy		ITエンジニア関連職種	開発環境	言語	Groovy
117		0		117	0	Hack	対象外	×			Hack		ITエンジニア関連職種	開発環境	言語	Hack
118		0		118	0	Haml	対象外	×			Haml		ITエンジニア関連職種	開発環境	言語	Haml
119		0		119	0	Haskell	対象外	×			Haskell		ITエンジニア関連職種	開発環境	言語	Haskell
120	Grp1	120	技術系（システム・ネットワーク）	120	120	HTML		◯	技術系（システム・ネットワーク）	プログラミング	HTML		ITエンジニア関連職種	開発環境	言語	HTML
121	Grp1	121	技術系（システム・ネットワーク）	121	121	Java		◯	技術系（システム・ネットワーク）	プログラミング	Java		ITエンジニア関連職種	開発環境	言語	Java
122	Grp1	122	技術系（システム・ネットワーク）	122	122	JavaScript		◯	技術系（システム・ネットワーク）	プログラミング	JavaScript		ITエンジニア関連職種	開発環境	言語	JavaScript
123		0		123	0	JSP	対象外	×			JSP		ITエンジニア関連職種	開発環境	言語	JSP
124	Grp1	124	技術系（システム・ネットワーク）	124	124	Kotlin		◯	技術系（システム・ネットワーク）	プログラミング	Kotlin		ITエンジニア関連職種	開発環境	言語	Kotlin
125		0		125	0	LISP	対象外	×			LISP		ITエンジニア関連職種	開発環境	言語	LISP
126		0		126	0	Lua	対象外	×			Lua		ITエンジニア関連職種	開発環境	言語	Lua
127		0		127	0	Mathematica	対象外	×			Mathematica		ITエンジニア関連職種	開発環境	言語	Mathematica
128		0		128	0	Nim	対象外	×			Nim		ITエンジニア関連職種	開発環境	言語	Nim
129	Grp1	129	技術系（システム・ネットワーク）	129	129	Node.js		◯	技術系（システム・ネットワーク）	プログラミング	Node.js		ITエンジニア関連職種	開発環境	言語	Node.js
130		0		130	0	Objective-C	対象外	×			Objective-C		ITエンジニア関連職種	開発環境	言語	Objective-C
131		0		131	0	OCaml	対象外	×			OCaml		ITエンジニア関連職種	開発環境	言語	OCaml
132		0		132	0	Perl	対象外	×			Perl		ITエンジニア関連職種	開発環境	言語	Perl
133	Grp1	133	技術系（システム・ネットワーク）	133	133	PHP		◯	技術系（システム・ネットワーク）	プログラミング	PHP		ITエンジニア関連職種	開発環境	言語	PHP
134		0		134	0	PL/SQL	対象外	×			PL/SQL		ITエンジニア関連職種	開発環境	言語	PL/SQL
135		0		135	0	Processing	対象外	×			Processing		ITエンジニア関連職種	開発環境	言語	Processing
136	Grp1	136	技術系（システム・ネットワーク）	136	136	Python		◯	技術系（システム・ネットワーク）	プログラミング	Python		ITエンジニア関連職種	開発環境	言語	Python
137	Grp1	137	技術系（システム・ネットワーク）	137	137	R		◯	技術系（システム・ネットワーク）	プログラミング	R		ITエンジニア関連職種	開発環境	言語	R
138	Grp1	138	技術系（システム・ネットワーク）	138	138	Ruby		◯	技術系（システム・ネットワーク）	プログラミング	Ruby		ITエンジニア関連職種	開発環境	言語	Ruby
139		0		139	0	Rust	対象外	×			Rust		ITエンジニア関連職種	開発環境	言語	Rust
140		0		140	0	Sass	対象外	×			Sass		ITエンジニア関連職種	開発環境	言語	Sass
141		0		141	0	Scala	対象外	×			Scala		ITエンジニア関連職種	開発環境	言語	Scala
142		0		142	0	shell script	対象外	×			shell script		ITエンジニア関連職種	開発環境	言語	shell script
143	Grp1	143	技術系（システム・ネットワーク）	143	143	SQL		◯	技術系（システム・ネットワーク）	プログラミング	SQL		ITエンジニア関連職種	開発環境	言語	SQL
144	Grp1	144	技術系（システム・ネットワーク）	144	144	Swift		◯	技術系（システム・ネットワーク）	プログラミング	Swift		ITエンジニア関連職種	開発環境	言語	Swift
145		0		145	0	TypeScript	対象外	×			TypeScript		ITエンジニア関連職種	開発環境	言語	TypeScript
146	Grp1	146	技術系（システム・ネットワーク）	146	146	Unity		◯	技術系（システム・ネットワーク）	プログラミング	Unity		ITエンジニア関連職種	開発環境	言語	Unity
147	Grp1	147	技術系（システム・ネットワーク）	147	147	VBA		◯	技術系（システム・ネットワーク）	プログラミング	VBA		ITエンジニア関連職種	開発環境	言語	VBA
148	Grp1	148	技術系（システム・ネットワーク）	148	148	Visual Basic .NET		◯	技術系（システム・ネットワーク）	プログラミング	Visual Basic .NET		ITエンジニア関連職種	開発環境	言語	Visual Basic .NET
149		0		149	0	Visual C# .NET	対象外	×			Visual C# .NET		ITエンジニア関連職種	開発環境	言語	Visual C# .NET
150		0		150	0	Visual C++ .NET	対象外	×			Visual C++ .NET		ITエンジニア関連職種	開発環境	言語	Visual C++ .NET
151		0		151	0	XML	対象外	×			XML		ITエンジニア関連職種	開発環境	言語	XML
152		0		152	0	その他言語	対象外	×			その他言語		ITエンジニア関連職種	開発環境	言語	その他言語
153	Grp1	153	技術系（システム・ネットワーク）	153	153	.NET		◯	技術系（システム・ネットワーク）	フレームワーク・APIなど	.NET		ITエンジニア関連職種	開発環境	フレームワーク・APIなど	.NET
154	Grp1	154	技術系（システム・ネットワーク）	154	154	Ajax		◯	技術系（システム・ネットワーク）	フレームワーク・APIなど	Ajax		ITエンジニア関連職種	開発環境	フレームワーク・APIなど	Ajax
155	Grp1	155	技術系（システム・ネットワーク）	155	155	AngularJS		◯	技術系（システム・ネットワーク）	フレームワーク・APIなど	AngularJS		ITエンジニア関連職種	開発環境	フレームワーク・APIなど	AngularJS
156	Grp1	156	技術系（システム・ネットワーク）	156	156	Apache Cordova		◯	技術系（システム・ネットワーク）	フレームワーク・APIなど	Apache Cordova		ITエンジニア関連職種	開発環境	フレームワーク・APIなど	Apache Cordova
157		0		157	0	Apache Spark	対象外	-			Apache Spark		ITエンジニア関連職種	開発環境	フレームワーク・APIなど	Apache Spark
158	Grp1	158	技術系（システム・ネットワーク）	158	158	Apache Struts		◯	技術系（システム・ネットワーク）	フレームワーク・APIなど	Apache Struts		ITエンジニア関連職種	開発環境	フレームワーク・APIなど	Apache Struts
159		0		159	0	ASP.NET	対象外	-			ASP.NET		ITエンジニア関連職種	開発環境	フレームワーク・APIなど	ASP.NET
160		0		160	0	Backbone.js	対象外	-			Backbone.js		ITエンジニア関連職種	開発環境	フレームワーク・APIなど	Backbone.js
161		0		161	0	Bootstrap	対象外	-			Bootstrap		ITエンジニア関連職種	開発環境	フレームワーク・APIなど	Bootstrap
162		0		162	0	CakePHP	対象外	-			CakePHP		ITエンジニア関連職種	開発環境	フレームワーク・APIなど	CakePHP
163		0		163	0	Camping	対象外	-			Camping		ITエンジニア関連職種	開発環境	フレームワーク・APIなど	Camping
164		0		164	0	Catalyst	対象外	-			Catalyst		ITエンジニア関連職種	開発環境	フレームワーク・APIなど	Catalyst
165		0		165	0	cocos2d	対象外	-			cocos2d		ITエンジニア関連職種	開発環境	フレームワーク・APIなど	cocos2d
166		0		166	0	CodeIgniter	対象外	-			CodeIgniter		ITエンジニア関連職種	開発環境	フレームワーク・APIなど	CodeIgniter
167		0		167	0	ColdFusion	対象外	-			ColdFusion		ITエンジニア関連職種	開発環境	フレームワーク・APIなど	ColdFusion
168		0		168	0	D3	対象外	-			D3		ITエンジニア関連職種	開発環境	フレームワーク・APIなど	D3
169		0		169	0	DBFlute	対象外	-			DBFlute		ITエンジニア関連職種	開発環境	フレームワーク・APIなど	DBFlute
170		0		170	0	Django	対象外	-			Django		ITエンジニア関連職種	開発環境	フレームワーク・APIなど	Django
171		0		171	0	Echo	対象外	-			Echo		ITエンジニア関連職種	開発環境	フレームワーク・APIなど	Echo
172		0		172	0	Ember.js	対象外	-			Ember.js		ITエンジニア関連職種	開発環境	フレームワーク・APIなど	Ember.js
173		0		173	0	Ethna	対象外	-			Ethna		ITエンジニア関連職種	開発環境	フレームワーク・APIなど	Ethna
174		0		174	0	Flask	対象外	-			Flask		ITエンジニア関連職種	開発環境	フレームワーク・APIなど	Flask
175		0		175	0	FuelPHP	対象外	-			FuelPHP		ITエンジニア関連職種	開発環境	フレームワーク・APIなど	FuelPHP
176		0		176	0	Gin	対象外	-			Gin		ITエンジニア関連職種	開発環境	フレームワーク・APIなど	Gin
177		0		177	0	Hibernate	対象外	-			Hibernate		ITエンジニア関連職種	開発環境	フレームワーク・APIなど	Hibernate
178		0		178	0	iBATIS/MyBatis	対象外	-			iBATIS/MyBatis		ITエンジニア関連職種	開発環境	フレームワーク・APIなど	iBATIS/MyBatis
179		0		179	0	JavaServer Faces	対象外	-			JavaServer Faces		ITエンジニア関連職種	開発環境	フレームワーク・APIなど	JavaServer Faces
180	Grp1	180	技術系（システム・ネットワーク）	180	180	jQuery		◯	技術系（システム・ネットワーク）	フレームワーク・APIなど	jQuery		ITエンジニア関連職種	開発環境	フレームワーク・APIなど	jQuery
181		0		181	0	Knockout.js	対象外	-			Knockout.js		ITエンジニア関連職種	開発環境	フレームワーク・APIなど	Knockout.js
182		0		182	0	Laravel	対象外	-			Laravel		ITエンジニア関連職種	開発環境	フレームワーク・APIなど	Laravel
183		0		183	0	Mojolicious	対象外	-			Mojolicious		ITエンジニア関連職種	開発環境	フレームワーク・APIなど	Mojolicious
184		0		184	0	ODBC	対象外	-			ODBC		ITエンジニア関連職種	開発環境	フレームワーク・APIなど	ODBC
185		0		185	0	OpenGL	対象外	-			OpenGL		ITエンジニア関連職種	開発環境	フレームワーク・APIなど	OpenGL
186		0		186	0	Phalcon	対象外	-			Phalcon		ITエンジニア関連職種	開発環境	フレームワーク・APIなど	Phalcon
187		0		187	0	Play Framework	対象外	-			Play Framework		ITエンジニア関連職種	開発環境	フレームワーク・APIなど	Play Framework
188		0		188	0	Pylons	対象外	-			Pylons		ITエンジニア関連職種	開発環境	フレームワーク・APIなど	Pylons
189		0		189	0	Pyramid	対象外	-			Pyramid		ITエンジニア関連職種	開発環境	フレームワーク・APIなど	Pyramid
190		0		190	0	React	対象外	-			React		ITエンジニア関連職種	開発環境	フレームワーク・APIなど	React
191		0		191	0	Revel	対象外	-			Revel		ITエンジニア関連職種	開発環境	フレームワーク・APIなど	Revel
192		0		192	0	Riot.js	対象外	-			Riot.js		ITエンジニア関連職種	開発環境	フレームワーク・APIなど	Riot.js
193	Grp1	193	技術系（システム・ネットワーク）	193	193	Ruby on Rails		◯	技術系（システム・ネットワーク）	フレームワーク・APIなど	Ruby on Rails		ITエンジニア関連職種	開発環境	フレームワーク・APIなど	Ruby on Rails
194		0		194	0	SAStruts	対象外	-			SAStruts		ITエンジニア関連職種	開発環境	フレームワーク・APIなど	SAStruts
195		0		195	0	Sinatra	対象外	-			Sinatra		ITエンジニア関連職種	開発環境	フレームワーク・APIなど	Sinatra
196		0		196	0	Slim3	対象外	-			Slim3		ITエンジニア関連職種	開発環境	フレームワーク・APIなど	Slim3
197		0		197	0	Smarty	対象外	-			Smarty		ITエンジニア関連職種	開発環境	フレームワーク・APIなど	Smarty
198	Grp1	198	技術系（システム・ネットワーク）	198	198	Spring		◯	技術系（システム・ネットワーク）	フレームワーク・APIなど	Spring		ITエンジニア関連職種	開発環境	フレームワーク・APIなど	Spring
199		0		199	0	Symfony	対象外	-			Symfony		ITエンジニア関連職種	開発環境	フレームワーク・APIなど	Symfony
200		0		200	0	Tornado	対象外	-			Tornado		ITエンジニア関連職種	開発環境	フレームワーク・APIなど	Tornado
201	Grp1	201	技術系（システム・ネットワーク）	201	201	Vue.js		◯	技術系（システム・ネットワーク）	フレームワーク・APIなど	Vue.js		ITエンジニア関連職種	開発環境	フレームワーク・APIなど	Vue.js
202		0		202	0	Windows Driver Kit	対象外	-			Windows Driver Kit		ITエンジニア関連職種	開発環境	フレームワーク・APIなど	Windows Driver Kit
203		0		203	0	Windows SDK	対象外	-			Windows SDK		ITエンジニア関連職種	開発環境	フレームワーク・APIなど	Windows SDK
204		0		204	0	Zend Framework	対象外	-			Zend Framework		ITエンジニア関連職種	開発環境	フレームワーク・APIなど	Zend Framework
205		0		205	0	その他フレームワーク・APIなど	対象外	-			その他フレームワーク・APIなど		ITエンジニア関連職種	開発環境	フレームワーク・APIなど	その他フレームワーク・APIなど
206		0		206	0	BIOS	対象外	△			BIOS		ITエンジニア関連職種	開発環境	汎用系・制御系	BIOS
207		0		207	0	COBOL	対象外	△			COBOL		ITエンジニア関連職種	開発環境	汎用系・制御系	COBOL
208		0		208	0	FORTRAN	対象外	△			FORTRAN		ITエンジニア関連職種	開発環境	汎用系・制御系	FORTRAN
209		0		209	0	Pascal	対象外	△			Pascal		ITエンジニア関連職種	開発環境	汎用系・制御系	Pascal
210		0		210	0	PL/I	対象外	△			PL/I		ITエンジニア関連職種	開発環境	汎用系・制御系	PL/I
211		0		211	0	RPG	対象外	△			RPG		ITエンジニア関連職種	開発環境	汎用系・制御系	RPG
212		0		212	0	アセンブラ系言語	対象外	△			アセンブラ系言語		ITエンジニア関連職種	開発環境	汎用系・制御系	アセンブラ系言語
213		0		213	0	その他汎用系・制御系	対象外	△			その他汎用系・制御系		ITエンジニア関連職種	開発環境	汎用系・制御系	その他汎用系・制御系
214		0		214	0	Active Directory	対象外	◯			Active Directory		ITエンジニア関連職種	開発環境	ミドルウェア・サーバ	Active Directory
215		0		215	0	Apache	対象外	◯			Apache		ITエンジニア関連職種	開発環境	ミドルウェア・サーバ	Apache
216		0		216	0	Apache Hadoop	対象外	◯			Apache Hadoop		ITエンジニア関連職種	開発環境	ミドルウェア・サーバ	Apache Hadoop
217		0		217	0	CICS	対象外	×			CICS		ITエンジニア関連職種	開発環境	ミドルウェア・サーバ	CICS
218		0		218	0	GlassFish	対象外	×			GlassFish		ITエンジニア関連職種	開発環境	ミドルウェア・サーバ	GlassFish
219	Grp1	219	技術系（システム・ネットワーク）	219	219	IIS		◯	技術系（システム・ネットワーク）	ミドルウェア・サーバ	IIS		ITエンジニア関連職種	開発環境	ミドルウェア・サーバ	IIS
220		0		220	0	JBoss/WildFly	対象外	×			JBoss/WildFly		ITエンジニア関連職種	開発環境	ミドルウェア・サーバ	JBoss/WildFly
221		0		221	0	Microsoft Dynamics	対象外	×			Microsoft Dynamics		ITエンジニア関連職種	開発環境	ミドルウェア・サーバ	Microsoft Dynamics
222	Grp1	222	技術系（システム・ネットワーク）	222	222	nginx		◯	技術系（システム・ネットワーク）	ミドルウェア・サーバ	nginx		ITエンジニア関連職種	開発環境	ミドルウェア・サーバ	nginx
223		0		223	0	Oracle Application Server/RAC	対象外	×			Oracle Application Server/RAC		ITエンジニア関連職種	開発環境	ミドルウェア・サーバ	Oracle Application Server/RAC
224		0		224	0	PowerBuilder	対象外	×			PowerBuilder		ITエンジニア関連職種	開発環境	ミドルウェア・サーバ	PowerBuilder
225	Grp1	225	技術系（システム・ネットワーク）	225	225	Tomcat		◯	技術系（システム・ネットワーク）	ミドルウェア・サーバ	Tomcat		ITエンジニア関連職種	開発環境	ミドルウェア・サーバ	Tomcat
226		0		226	0	WebLogic	対象外	×			WebLogic		ITエンジニア関連職種	開発環境	ミドルウェア・サーバ	WebLogic
227		0		227	0	WebSphere	対象外	×			WebSphere		ITエンジニア関連職種	開発環境	ミドルウェア・サーバ	WebSphere
228		0		228	0	XOOPS	対象外	×			XOOPS		ITエンジニア関連職種	開発環境	ミドルウェア・サーバ	XOOPS
229		0		229	0	ZOPE	対象外	×			ZOPE		ITエンジニア関連職種	開発環境	ミドルウェア・サーバ	ZOPE
230		0		230	0	その他ミドルウェア・サーバ	対象外	×			その他ミドルウェア・サーバ		ITエンジニア関連職種	開発環境	ミドルウェア・サーバ	その他ミドルウェア・サーバ
231	Grp1	231	技術系（システム・ネットワーク）	231	231	AWS		◯	技術系（システム・ネットワーク）	クラウドコンピューティング	AWS		ITエンジニア関連職種	開発環境	クラウドコンピューティング	AWS
232	Grp1	232	技術系（システム・ネットワーク）	232	232	Azure		◯	技術系（システム・ネットワーク）	クラウドコンピューティング	Azure		ITエンジニア関連職種	開発環境	クラウドコンピューティング	Azure
233	Grp1	233	技術系（システム・ネットワーク）	233	233	GCP		◯	技術系（システム・ネットワーク）	クラウドコンピューティング	GCP		ITエンジニア関連職種	開発環境	クラウドコンピューティング	GCP
234	Grp1	234	技術系（システム・ネットワーク）	234	234	Heroku		◯	技術系（システム・ネットワーク）	クラウドコンピューティング	Heroku		ITエンジニア関連職種	開発環境	クラウドコンピューティング	Heroku
235		0		235	0	IBM Cloud	対象外	◯			IBM Cloud		ITエンジニア関連職種	開発環境	クラウドコンピューティング	IBM Cloud
236		0		236	0	その他クラウドコンピューティング	対象外	×			その他クラウドコンピューティング		ITエンジニア関連職種	開発環境	クラウドコンピューティング	その他クラウドコンピューティング
237	Grp1	237	技術系（システム・ネットワーク）	237	237	DB2		◯	技術系（システム・ネットワーク）	データベース	DB2		ITエンジニア関連職種	開発環境	データベース	DB2
238		0		238	0	memcached	対象外	×			memcached		ITエンジニア関連職種	開発環境	データベース	memcached
239		0		239	0	Microsoft Office Access	対象外	×			Microsoft Office Access		ITエンジニア関連職種	開発環境	データベース	Microsoft Office Access
240	Grp1	240	技術系（システム・ネットワーク）	240	240	Microsoft SQL Server		◯	技術系（システム・ネットワーク）	データベース	Microsoft SQL Server		ITエンジニア関連職種	開発環境	データベース	Microsoft SQL Server
241	Grp1	241	技術系（システム・ネットワーク）	241	241	MongoDB		◯	技術系（システム・ネットワーク）	データベース	MongoDB		ITエンジニア関連職種	開発環境	データベース	MongoDB
242	Grp1	242	技術系（システム・ネットワーク）	242	242	MYSQL		◯	技術系（システム・ネットワーク）	データベース	MYSQL		ITエンジニア関連職種	開発環境	データベース	MYSQL
243	Grp1	243	技術系（システム・ネットワーク）	243	243	NoSQL		◯	技術系（システム・ネットワーク）	データベース	NoSQL		ITエンジニア関連職種	開発環境	データベース	NoSQL
244	Grp1	244	技術系（システム・ネットワーク）	244	244	Oracle Database		◯	技術系（システム・ネットワーク）	データベース	Oracle Database		ITエンジニア関連職種	開発環境	データベース	Oracle Database
245	Grp1	245	技術系（システム・ネットワーク）	245	245	PostgreSQL		◯	技術系（システム・ネットワーク）	データベース	PostgreSQL		ITエンジニア関連職種	開発環境	データベース	PostgreSQL
246		0		246	0	Redis	対象外	×			Redis		ITエンジニア関連職種	開発環境	データベース	Redis
247		0		247	0	Sybase	対象外	×			Sybase		ITエンジニア関連職種	開発環境	データベース	Sybase
248		0		248	0	Symfoware Server	対象外	×			Symfoware Server		ITエンジニア関連職種	開発環境	データベース	Symfoware Server
249	Grp1	249	技術系（システム・ネットワーク）	249	249	リレーショナル・データベース		◯	技術系（システム・ネットワーク）	データベース	リレーショナル・データベース		ITエンジニア関連職種	開発環境	データベース	リレーショナル・データベース
250	Grp1	250	技術系（システム・ネットワーク）	250	250	Backlog		◯	技術系（システム・ネットワーク）	ツール・パッケージなど	Backlog		ITエンジニア関連職種	開発環境	ツール・パッケージなど	Backlog
251		0		251	0	Bitbucket	対象外	×			Bitbucket		ITエンジニア関連職種	開発環境	ツール・パッケージなど	Bitbucket
252		252	技術系（システム・ネットワーク）	252	252	Chatwork	対象外	×	技術系（システム・ネットワーク）	ツール・パッケージなど	Chatwork		ITエンジニア関連職種	開発環境	ツール・パッケージなど	Chatwork
253		0		253	0	Confluence	対象外	×			Confluence		ITエンジニア関連職種	開発環境	ツール・パッケージなど	Confluence
254		0		254	0	Ctstage	対象外	×			Ctstage		ITエンジニア関連職種	開発環境	ツール・パッケージなど	Ctstage
255	Grp1	255	技術系（システム・ネットワーク）	255	255	Docker		◯	技術系（システム・ネットワーク）	ツール・パッケージなど	Docker		ITエンジニア関連職種	開発環境	ツール・パッケージなど	Docker
256	Grp1	256	技術系（システム・ネットワーク）	256	256	Git		◯	技術系（システム・ネットワーク）	ツール・パッケージなど	Git		ITエンジニア関連職種	開発環境	ツール・パッケージなど	Git
257		0		257	0	GRANDIT	対象外	×			GRANDIT		ITエンジニア関連職種	開発環境	ツール・パッケージなど	GRANDIT
258		0		258	0	Idobata	対象外	×			Idobata		ITエンジニア関連職種	開発環境	ツール・パッケージなど	Idobata
259	Grp1	259	技術系（システム・ネットワーク）	259	259	Jenkins		◯	技術系（システム・ネットワーク）	ツール・パッケージなど	Jenkins		ITエンジニア関連職種	開発環境	ツール・パッケージなど	Jenkins
260	Grp1	260	技術系（システム・ネットワーク）	260	260	JIRA		◯	技術系（システム・ネットワーク）		JIRA		ITエンジニア関連職種	開発環境	ツール・パッケージなど	JIRA
261		0		261	0	JP1	対象外	×			JP1		ITエンジニア関連職種	開発環境	ツール・パッケージなど	JP1
262		0		262	0	Mercurial	対象外	×			Mercurial		ITエンジニア関連職種	開発環境	ツール・パッケージなど	Mercurial
263		0		263	0	Microsoft Hyper-V	対象外	×			Microsoft Hyper-V		ITエンジニア関連職種	開発環境	ツール・パッケージなど	Microsoft Hyper-V
264		0		264	0	Notes/Domino	対象外	×			Notes/Domino		ITエンジニア関連職種	開発環境	ツール・パッケージなど	Notes/Domino
265		0		265	0	npm	対象外	×			npm		ITエンジニア関連職種	開発環境	ツール・パッケージなど	npm
266		0		266	0	OBIC	対象外	×			OBIC		ITエンジニア関連職種	開発環境	ツール・パッケージなど	OBIC
267		0		267	0	Onyx	対象外	×			Onyx		ITエンジニア関連職種	開発環境	ツール・パッケージなど	Onyx
268	Grp1	268	技術系（システム・ネットワーク）	268	268	Oracle E-Business Suite		◯	技術系（システム・ネットワーク）	ツール・パッケージなど	Oracle E-Business Suite		ITエンジニア関連職種	開発環境	ツール・パッケージなど	Oracle E-Business Suite
269	Grp1	269	技術系（システム・ネットワーク）	269	269	Oracle ERP Cloud		◯	技術系（システム・ネットワーク）		Oracle ERP Cloud		ITエンジニア関連職種	開発環境	ツール・パッケージなど	Oracle ERP Cloud
270		0		270	0	Oracle Siebel CRM	対象外	×			Oracle Siebel CRM		ITエンジニア関連職種	開発環境	ツール・パッケージなど	Oracle Siebel CRM
271		0		271	0	Pivotal Tracker	対象外	×			Pivotal Tracker		ITエンジニア関連職種	開発環境	ツール・パッケージなど	Pivotal Tracker
272		0		272	0	ProActive	対象外	×			ProActive		ITエンジニア関連職種	開発環境	ツール・パッケージなど	ProActive
273	Grp1	273	技術系（システム・ネットワーク）	273	273	Qiita		◯	技術系（システム・ネットワーク）	ツール・パッケージなど	Qiita		ITエンジニア関連職種	開発環境	ツール・パッケージなど	Qiita
274	Grp1	274	技術系（システム・ネットワーク）	274	274	Redmine		◯	技術系（システム・ネットワーク）		Redmine		ITエンジニア関連職種	開発環境	ツール・パッケージなど	Redmine
275	Grp1	275	技術系（システム・ネットワーク）	275	275	SAP HANA		◯	技術系（システム・ネットワーク）		SAP HANA		ITエンジニア関連職種	開発環境	ツール・パッケージなど	SAP HANA
276	Grp1	276	技術系（システム・ネットワーク）	276	276	SAP R/3		◯	技術系（システム・ネットワーク）		SAP R/3		ITエンジニア関連職種	開発環境	ツール・パッケージなど	SAP R/3
277		0		277	0	SAS	対象外	×			SAS		ITエンジニア関連職種	開発環境	ツール・パッケージなど	SAS
278		0		278	0	Senju Family	対象外	×			Senju Family		ITエンジニア関連職種	開発環境	ツール・パッケージなど	Senju Family
279	Grp1	279	技術系（システム・ネットワーク）	279	279	Slack		◯	技術系（システム・ネットワーク）	ツール・パッケージなど	Slack		ITエンジニア関連職種	開発環境	ツール・パッケージなど	Slack
280		0		280	0	SPSS	対象外	×			SPSS		ITエンジニア関連職種	開発環境	ツール・パッケージなど	SPSS
281	Grp1	281	技術系（システム・ネットワーク）	281	281	Subversion		◯	技術系（システム・ネットワーク）	ツール・パッケージなど	Subversion		ITエンジニア関連職種	開発環境	ツール・パッケージなど	Subversion
282		0		282	0	Trello	対象外	×			Trello		ITエンジニア関連職種	開発環境	ツール・パッケージなど	Trello
283	Grp1	283	技術系（システム・ネットワーク）	283	283	Vagrant		◯	技術系（システム・ネットワーク）	ツール・パッケージなど	Vagrant		ITエンジニア関連職種	開発環境	ツール・パッケージなど	Vagrant
284	Grp1	284	技術系（システム・ネットワーク）	284	284	VMware vSphere		◯	技術系（システム・ネットワーク）	ツール・パッケージなど	VMware vSphere		ITエンジニア関連職種	開発環境	ツール・パッケージなど	VMware vSphere
285		0		285	0	WebSAM	対象外	×			WebSAM		ITエンジニア関連職種	開発環境	ツール・パッケージなど	WebSAM
286		0		286	0	その他ツール・パッケージなど	対象外	×			その他ツール・パッケージなど		ITエンジニア関連職種	開発環境	ツール・パッケージなど	その他ツール・パッケージなど
287		0		287	0	研究開発	対象外	×			研究開発		電気・電子・機械・メカトロ関連	経験業務	電気・電子関連	研究開発
288		0		288	0	概念設計・基本回路設計	対象外	×			概念設計・基本回路設計		電気・電子・機械・メカトロ関連	経験業務	電気・電子関連	概念設計・基本回路設計
289		0		289	0	詳細回路設計	対象外	×			詳細回路設計		電気・電子・機械・メカトロ関連	経験業務	電気・電子関連	詳細回路設計
290		0		290	0	アナログ信号処理	対象外	×			アナログ信号処理		電気・電子・機械・メカトロ関連	経験業務	電気・電子関連	アナログ信号処理
291		0		291	0	ボード設計・実装設計	対象外	×			ボード設計・実装設計		電気・電子・機械・メカトロ関連	経験業務	電気・電子関連	ボード設計・実装設計
292		0		292	0	基本実装設計	対象外	×			基本実装設計		電気・電子・機械・メカトロ関連	経験業務	電気・電子関連	基本実装設計
293		0		293	0	詳細実装設計(外装・機構・筐体)	対象外	×			詳細実装設計(外装・機構・筐体)		電気・電子・機械・メカトロ関連	経験業務	電気・電子関連	詳細実装設計(外装・機構・筐体)
294		0		294	0	高周波回路設計	対象外	×			高周波回路設計		電気・電子・機械・メカトロ関連	経験業務	電気・電子関連	高周波回路設計
295		0		295	0	制御設計	対象外	×			制御設計		電気・電子・機械・メカトロ関連	経験業務	電気・電子関連	制御設計
296		0		296	0	光学設計	対象外	×			光学設計		電気・電子・機械・メカトロ関連	経験業務	電気・電子関連	光学設計
297		0		297	0	生産技術	対象外	×			生産技術		電気・電子・機械・メカトロ関連	経験業務	電気・電子関連	生産技術
298		0		298	0	生産管理・品質管理・品質保証	対象外	×			生産管理・品質管理・品質保証		電気・電子・機械・メカトロ関連	経験業務	電気・電子関連	生産管理・品質管理・品質保証
299		0		299	0	サービスエンジニア、サポートエンジニア	対象外	×			サービスエンジニア、サポートエンジニア		電気・電子・機械・メカトロ関連	経験業務	電気・電子関連	サービスエンジニア、サポートエンジニア
300		0		300	0	セールスエンジニア	対象外	×			セールスエンジニア		電気・電子・機械・メカトロ関連	経験業務	電気・電子関連	セールスエンジニア
301		0		301	0	研究・開発	対象外	×			研究・開発		電気・電子・機械・メカトロ関連	経験業務	半導体関連	研究・開発
302		0		302	0	システムLSI設計	対象外	×			システムLSI設計		電気・電子・機械・メカトロ関連	経験業務	半導体関連	システムLSI設計
303		0		303	0	デジタルＩＣ設計	対象外	×			デジタルＩＣ設計		電気・電子・機械・メカトロ関連	経験業務	半導体関連	デジタルＩＣ設計
304		0		304	0	アナログ・高周波ＩＣ設計	対象外	×			アナログ・高周波ＩＣ設計		電気・電子・機械・メカトロ関連	経験業務	半導体関連	アナログ・高周波ＩＣ設計
305		0		305	0	パッケージ開発	対象外	×			パッケージ開発		電気・電子・機械・メカトロ関連	経験業務	半導体関連	パッケージ開発
306		0		306	0	プロセス開発・生産技術	対象外	×			プロセス開発・生産技術		電気・電子・機械・メカトロ関連	経験業務	半導体関連	プロセス開発・生産技術
307		0		307	0	生産管理・品質管理・品質保証	対象外	×			生産管理・品質管理・品質保証		電気・電子・機械・メカトロ関連	経験業務	半導体関連	生産管理・品質管理・品質保証
308		0		308	0	サービスエンジニア・ＦＡＥ	対象外	×			サービスエンジニア・ＦＡＥ		電気・電子・機械・メカトロ関連	経験業務	半導体関連	サービスエンジニア・ＦＡＥ
309		0		309	0	セールスエンジニア	対象外	×			セールスエンジニア		電気・電子・機械・メカトロ関連	経験業務	半導体関連	セールスエンジニア
310		0		310	0	通信インフラ設計・構築（有線系）	対象外	×			通信インフラ設計・構築（有線系）		電気・電子・機械・メカトロ関連	経験業務	電気通信関連（通信キャリア）	通信インフラ設計・構築（有線系）
311		0		311	0	通信インフラ設計・構築（無線系）	対象外	×			通信インフラ設計・構築（無線系）		電気・電子・機械・メカトロ関連	経験業務	電気通信関連（通信キャリア）	通信インフラ設計・構築（無線系）
312		0		312	0	通信インフラ施工・保守・運用	対象外	×			通信インフラ施工・保守・運用		電気・電子・機械・メカトロ関連	経験業務	電気通信関連（通信キャリア）	通信インフラ施工・保守・運用
313		0		313	0	サービスエンジニア、サポートエンジニア	対象外	×			サービスエンジニア、サポートエンジニア		電気・電子・機械・メカトロ関連	経験業務	電気通信関連（通信キャリア）	サービスエンジニア、サポートエンジニア
314		0		314	0	ネットワークコンサルティング	対象外	×			ネットワークコンサルティング		電気・電子・機械・メカトロ関連	経験業務	有線通信ネットワーク	ネットワークコンサルティング
315		0		315	0	ネットワーク設計	対象外	×			ネットワーク設計		電気・電子・機械・メカトロ関連	経験業務	有線通信ネットワーク	ネットワーク設計
316		0		316	0	エンジニアリング	対象外	×			エンジニアリング		電気・電子・機械・メカトロ関連	経験業務	有線通信ネットワーク	エンジニアリング
317		0		317	0	設置・テスト	対象外	×			設置・テスト		電気・電子・機械・メカトロ関連	経験業務	有線通信ネットワーク	設置・テスト
318		0		318	0	保守・運用・サポート	対象外	×			保守・運用・サポート		電気・電子・機械・メカトロ関連	経験業務	有線通信ネットワーク	保守・運用・サポート
319		0		319	0	ネットワークコンサルティング	対象外	×			ネットワークコンサルティング		電気・電子・機械・メカトロ関連	経験業務	無線通信ネットワーク	ネットワークコンサルティング
320		0		320	0	ネットワーク設計	対象外	×			ネットワーク設計		電気・電子・機械・メカトロ関連	経験業務	無線通信ネットワーク	ネットワーク設計
321		0		321	0	エンジニアリング	対象外	×			エンジニアリング		電気・電子・機械・メカトロ関連	経験業務	無線通信ネットワーク	エンジニアリング
322		0		322	0	設置・テスト	対象外	×			設置・テスト		電気・電子・機械・メカトロ関連	経験業務	無線通信ネットワーク	設置・テスト
323		0		323	0	保守・運用・サポート	対象外	×			保守・運用・サポート		電気・電子・機械・メカトロ関連	経験業務	無線通信ネットワーク	保守・運用・サポート
324		0		324	0	研究・開発	対象外	×			研究・開発		電気・電子・機械・メカトロ関連	経験業務	機械・メカトロ関連	研究・開発
325		0		325	0	概念設計・基本機械設計	対象外	×			概念設計・基本機械設計		電気・電子・機械・メカトロ関連	経験業務	機械・メカトロ関連	概念設計・基本機械設計
326		0		326	0	詳細機械設計	対象外	×			詳細機械設計		電気・電子・機械・メカトロ関連	経験業務	機械・メカトロ関連	詳細機械設計
327		0		327	0	詳細外装・機構・筐体設計	対象外	×			詳細外装・機構・筐体設計		電気・電子・機械・メカトロ関連	経験業務	機械・メカトロ関連	詳細外装・機構・筐体設計
328		0		328	0	基本実装設計	対象外	×			基本実装設計		電気・電子・機械・メカトロ関連	経験業務	機械・メカトロ関連	基本実装設計
329		0		329	0	詳細実装設計(機械)	対象外	×			詳細実装設計(機械)		電気・電子・機械・メカトロ関連	経験業務	機械・メカトロ関連	詳細実装設計(機械)
330		0		330	0	制御・メカトロ設計	対象外	×			制御・メカトロ設計		電気・電子・機械・メカトロ関連	経験業務	機械・メカトロ関連	制御・メカトロ設計
331		0		331	0	工業デザイン	対象外	×			工業デザイン		電気・電子・機械・メカトロ関連	経験業務	機械・メカトロ関連	工業デザイン
332		0		332	0	CAD・CAM・CAE	対象外	×			CAD・CAM・CAE		電気・電子・機械・メカトロ関連	経験業務	機械・メカトロ関連	CAD・CAM・CAE
333		0		333	0	生産技術	対象外	×			生産技術		電気・電子・機械・メカトロ関連	経験業務	機械・メカトロ関連	生産技術
334		0		334	0	生産管理・品質管理・品質保証	対象外	×			生産管理・品質管理・品質保証		電気・電子・機械・メカトロ関連	経験業務	機械・メカトロ関連	生産管理・品質管理・品質保証
335		0		335	0	サービスエンジニア、サポートエンジニア	対象外	×			サービスエンジニア、サポートエンジニア		電気・電子・機械・メカトロ関連	経験業務	機械・メカトロ関連	サービスエンジニア、サポートエンジニア
336		0		336	0	セールスエンジニア	対象外	×			セールスエンジニア		電気・電子・機械・メカトロ関連	経験業務	機械・メカトロ関連	セールスエンジニア
337		0		337	0	コンピュータハードウェア	対象外	×			コンピュータハードウェア		電気・電子・機械・メカトロ関連	経験分野	コンピュータ・周辺機器・OA機器	コンピュータハードウェア
338		0		338	0	コンピュータ周辺機器	対象外	×			コンピュータ周辺機器		電気・電子・機械・メカトロ関連	経験分野	コンピュータ・周辺機器・OA機器	コンピュータ周辺機器
339		0		339	0	OA機器(コピー・プリンタ等)	対象外	×			OA機器(コピー・プリンタ等)		電気・電子・機械・メカトロ関連	経験分野	コンピュータ・周辺機器・OA機器	OA機器(コピー・プリンタ等)
340		0		340	0	音声機器(オーディオ・ポータブルプレーヤー等)	対象外	×			音声機器(オーディオ・ポータブルプレーヤー等)		電気・電子・機械・メカトロ関連	経験分野	音声・画像機器	音声機器(オーディオ・ポータブルプレーヤー等)
341		0		341	0	映像機器(デジカメ・ビデオ・DVDレコーダー等)	対象外	×			映像機器(デジカメ・ビデオ・DVDレコーダー等)		電気・電子・機械・メカトロ関連	経験分野	音声・画像機器	映像機器(デジカメ・ビデオ・DVDレコーダー等)
342		0		342	0	自動車車載機器(カーナビ・カーAV等)	対象外	×			自動車車載機器(カーナビ・カーAV等)		電気・電子・機械・メカトロ関連	経験分野	音声・画像機器	自動車車載機器(カーナビ・カーAV等)
343		0		343	0	AV機器	対象外	×			AV機器		電気・電子・機械・メカトロ関連	経験分野	音声・画像機器	AV機器
344		0		344	0	生活家電製品（冷蔵庫・掃除機・エアコン等）	対象外	×			生活家電製品（冷蔵庫・掃除機・エアコン等）		電気・電子・機械・メカトロ関連	経験分野	家電・ゲーム機器	生活家電製品（冷蔵庫・掃除機・エアコン等）
345		0		345	0	ゲーム機器、アミューズメント機器	対象外	×			ゲーム機器、アミューズメント機器		電気・電子・機械・メカトロ関連	経験分野	家電・ゲーム機器	ゲーム機器、アミューズメント機器
346		0		346	0	半導体素子	対象外	×			半導体素子		電気・電子・機械・メカトロ関連	経験分野	デバイス・電子部品	半導体素子
347		0		347	0	電子部品(コンデンサ・プリント基板等)	対象外	×			電子部品(コンデンサ・プリント基板等)		電気・電子・機械・メカトロ関連	経験分野	デバイス・電子部品	電子部品(コンデンサ・プリント基板等)
348		0		348	0	表示部品(LCD・PDP・TFT・STN等)	対象外	×			表示部品(LCD・PDP・TFT・STN等)		電気・電子・機械・メカトロ関連	経験分野	デバイス・電子部品	表示部品(LCD・PDP・TFT・STN等)
349		0		349	0	記憶媒体	対象外	×			記憶媒体		電気・電子・機械・メカトロ関連	経験分野	デバイス・電子部品	記憶媒体
350		0		350	0	デジタルIC(メモリ)	対象外	×			デジタルIC(メモリ)		電気・電子・機械・メカトロ関連	経験分野	半導体関連	デジタルIC(メモリ)
351		0		351	0	デジタルIC(ロジック)	対象外	×			デジタルIC(ロジック)		電気・電子・機械・メカトロ関連	経験分野	半導体関連	デジタルIC(ロジック)
352		0		352	0	アナログ・高周波IC	対象外	×			アナログ・高周波IC		電気・電子・機械・メカトロ関連	経験分野	半導体関連	アナログ・高周波IC
353		0		353	0	化合物半導体	対象外	×			化合物半導体		電気・電子・機械・メカトロ関連	経験分野	半導体関連	化合物半導体
354		0		354	0	ウエハ製造装置	対象外	×			ウエハ製造装置		電気・電子・機械・メカトロ関連	経験分野	半導体製造装置(液晶含む)	ウエハ製造装置
355		0		355	0	前工程装置(ウエハ処理/CVD・エッチング・露光等)	対象外	×			前工程装置(ウエハ処理/CVD・エッチング・露光等)		電気・電子・機械・メカトロ関連	経験分野	半導体製造装置(液晶含む)	前工程装置(ウエハ処理/CVD・エッチング・露光等)
356		0		356	0	後工程装置(ダイシング・ボンディング・パッケージング等)	対象外	×			後工程装置(ダイシング・ボンディング・パッケージング等)		電気・電子・機械・メカトロ関連	経験分野	半導体製造装置(液晶含む)	後工程装置(ダイシング・ボンディング・パッケージング等)
357		0		357	0	ウエハ・IC検査装置	対象外	×			ウエハ・IC検査装置		電気・電子・機械・メカトロ関連	経験分野	半導体製造装置(液晶含む)	ウエハ・IC検査装置
358		0		358	0	クリーンルーム設備	対象外	×			クリーンルーム設備		電気・電子・機械・メカトロ関連	経験分野	半導体製造装置(液晶含む)	クリーンルーム設備
359		0		359	0	計測・検査・制御機器	対象外	×			計測・検査・制御機器		電気・電子・機械・メカトロ関連	経験分野	計測・検査・制御機器	計測・検査・制御機器
360		0		360	0	有線通信機器	対象外	×			有線通信機器		電気・電子・機械・メカトロ関連	経験分野	通信機器・設備	有線通信機器
361		0		361	0	無線通信機器	対象外	×			無線通信機器		電気・電子・機械・メカトロ関連	経験分野	通信機器・設備	無線通信機器
362		0		362	0	携帯端末機器	対象外	×			携帯端末機器		電気・電子・機械・メカトロ関連	経験分野	通信機器・設備	携帯端末機器
363		0		363	0	ルータ・ハブ等	対象外	×			ルータ・ハブ等		電気・電子・機械・メカトロ関連	経験分野	通信機器・設備	ルータ・ハブ等
364		0		364	0	光ファイバー関連	対象外	×			光ファイバー関連		電気・電子・機械・メカトロ関連	経験分野	通信機器・設備	光ファイバー関連
365		0		365	0	通信・放送設備	対象外	×			通信・放送設備		電気・電子・機械・メカトロ関連	経験分野	通信機器・設備	通信・放送設備
366		0		366	0	光学機器	対象外	×			光学機器		電気・電子・機械・メカトロ関連	経験分野	光学機器・精密機器・医療機器	光学機器
367		0		367	0	医療機器・器具	対象外	×			医療機器・器具		電気・電子・機械・メカトロ関連	経験分野	光学機器・精密機器・医療機器	医療機器・器具
368		0		368	0	精密機器・分析機器・理化学機器	対象外	×			精密機器・分析機器・理化学機器		電気・電子・機械・メカトロ関連	経験分野	光学機器・精密機器・医療機器	精密機器・分析機器・理化学機器
369		0		369	0	重電・電気設備・電源・蓄電池	対象外	×			重電・電気設備・電源・蓄電池		電気・電子・機械・メカトロ関連	経験分野	重電・電気設備・電源・蓄電池	重電・電気設備・電源・蓄電池
370		0		370	0	エンジンECU	対象外	×			エンジンECU		電気・電子・機械・メカトロ関連	経験分野	自動車関連	エンジンECU
371		0		371	0	振動・騒音開発評価	対象外	×			振動・騒音開発評価		電気・電子・機械・メカトロ関連	経験分野	自動車関連	振動・騒音開発評価
372		0		372	0	駆動関連(トランスミッション等)	対象外	×			駆動関連(トランスミッション等)		電気・電子・機械・メカトロ関連	経験分野	自動車関連	駆動関連(トランスミッション等)
373		0		373	0	EV関連	対象外	×			EV関連		電気・電子・機械・メカトロ関連	経験分野	自動車関連	EV関連
374		0		374	0	ABS制御	対象外	×			ABS制御		電気・電子・機械・メカトロ関連	経験分野	自動車関連	ABS制御
375		0		375	0	電子点火装置	対象外	×			電子点火装置		電気・電子・機械・メカトロ関連	経験分野	自動車関連	電子点火装置
376		0		376	0	ハイブリッドカー制御	対象外	×			ハイブリッドカー制御		電気・電子・機械・メカトロ関連	経験分野	自動車関連	ハイブリッドカー制御
377		0		377	0	エアバック制御	対象外	×			エアバック制御		電気・電子・機械・メカトロ関連	経験分野	自動車関連	エアバック制御
378		0		378	0	パワーステアリング	対象外	×			パワーステアリング		電気・電子・機械・メカトロ関連	経験分野	自動車関連	パワーステアリング
379		0		379	0	ハーネス	対象外	×			ハーネス		電気・電子・機械・メカトロ関連	経験分野	自動車関連	ハーネス
380		0		380	0	サスペンション	対象外	×			サスペンション		電気・電子・機械・メカトロ関連	経験分野	自動車関連	サスペンション
381		0		381	0	自動車ランプ	対象外	×			自動車ランプ		電気・電子・機械・メカトロ関連	経験分野	自動車関連	自動車ランプ
382		0		382	0	コンプレッサー	対象外	×			コンプレッサー		電気・電子・機械・メカトロ関連	経験分野	自動車関連	コンプレッサー
383		0		383	0	車体・シャーシ	対象外	×			車体・シャーシ		電気・電子・機械・メカトロ関連	経験分野	自動車関連	車体・シャーシ
384		0		384	0	モーター	対象外	×			モーター		電気・電子・機械・メカトロ関連	経験分野	自動車関連	モーター
385		0		385	0	バッテリー	対象外	×			バッテリー		電気・電子・機械・メカトロ関連	経験分野	自動車関連	バッテリー
386		0		386	0	ブレーキ	対象外	×			ブレーキ		電気・電子・機械・メカトロ関連	経験分野	自動車関連	ブレーキ
387		0		387	0	エアバック	対象外	×			エアバック		電気・電子・機械・メカトロ関連	経験分野	自動車関連	エアバック
388		0		388	0	ホイール	対象外	×			ホイール		電気・電子・機械・メカトロ関連	経験分野	自動車関連	ホイール
389		0		389	0	内装関連	対象外	×			内装関連		電気・電子・機械・メカトロ関連	経験分野	自動車関連	内装関連
390		0		390	0	外装関連	対象外	×			外装関連		電気・電子・機械・メカトロ関連	経験分野	自動車関連	外装関連
391		0		391	0	エンジン本体(ガソリン)	対象外	×			エンジン本体(ガソリン)		電気・電子・機械・メカトロ関連	経験分野	原動機関連	エンジン本体(ガソリン)
392		0		392	0	エンジン本体(ディーゼル)	対象外	×			エンジン本体(ディーゼル)		電気・電子・機械・メカトロ関連	経験分野	原動機関連	エンジン本体(ディーゼル)
393		0		393	0	コントロール系	対象外	×			コントロール系		電気・電子・機械・メカトロ関連	経験分野	原動機関連	コントロール系
394		0		394	0	吸排気系	対象外	×			吸排気系		電気・電子・機械・メカトロ関連	経験分野	原動機関連	吸排気系
395		0		395	0	排気ガス制御	対象外	×			排気ガス制御		電気・電子・機械・メカトロ関連	経験分野	原動機関連	排気ガス制御
396		0		396	0	ターボチャージャー	対象外	×			ターボチャージャー		電気・電子・機械・メカトロ関連	経験分野	原動機関連	ターボチャージャー
397		0		397	0	冷却系	対象外	×			冷却系		電気・電子・機械・メカトロ関連	経験分野	原動機関連	冷却系
398		0		398	0	工作機械・加工機器	対象外	×			工作機械・加工機器		電気・電子・機械・メカトロ関連	経験分野	工作・加工機器・ＦＡ設備	工作機械・加工機器
399		0		399	0	FA設備	対象外	×			FA設備		電気・電子・機械・メカトロ関連	経験分野	工作・加工機器・ＦＡ設備	FA設備
400		0		400	0	化学機械・環境関連機械	対象外	×			化学機械・環境関連機械		電気・電子・機械・メカトロ関連	経験分野	化学関連機械・プラント	化学機械・環境関連機械
401		0		401	0	各種プラント設備	対象外	×			各種プラント設備		電気・電子・機械・メカトロ関連	経験分野	化学関連機械・プラント	各種プラント設備
402		0		402	0	各種産業機械・物流機械・設備	対象外	×			各種産業機械・物流機械・設備		電気・電子・機械・メカトロ関連	経験分野	その他機械・設備、部品、金型	各種産業機械・物流機械・設備
403		0		403	0	機械器具・部品	対象外	×			機械器具・部品		電気・電子・機械・メカトロ関連	経験分野	その他機械・設備、部品、金型	機械器具・部品
404		0		404	0	金型	対象外	×			金型		電気・電子・機械・メカトロ関連	経験分野	その他機械・設備、部品、金型	金型
405		0		405	0	I-DEAS	対象外	×			I-DEAS		電気・電子・機械・メカトロ関連	経験分野	CAD・CAM・CAE	I-DEAS
406		0		406	0	Metaphase	対象外	×			Metaphase		電気・電子・機械・メカトロ関連	経験分野	CAD・CAM・CAE	Metaphase
407		0		407	0	Pro/ENGINEER	対象外	×			Pro/ENGINEER		電気・電子・機械・メカトロ関連	経験分野	CAD・CAM・CAE	Pro/ENGINEER
408		0		408	0	CATIA	対象外	×			CATIA		電気・電子・機械・メカトロ関連	経験分野	CAD・CAM・CAE	CATIA
409		0		409	0	SolidWorks	対象外	×			SolidWorks		電気・電子・機械・メカトロ関連	経験分野	CAD・CAM・CAE	SolidWorks
410		0		410	0	Unigraphics	対象外	×			Unigraphics		電気・電子・機械・メカトロ関連	経験分野	CAD・CAM・CAE	Unigraphics
411		0		411	0	NASTRAN	対象外	×			NASTRAN		電気・電子・機械・メカトロ関連	経験分野	CAD・CAM・CAE	NASTRAN
412		0		412	0	ADAMS	対象外	×			ADAMS		電気・電子・機械・メカトロ関連	経験分野	CAD・CAM・CAE	ADAMS
413		0		413	0	MATLAB	対象外	×			MATLAB		電気・電子・機械・メカトロ関連	経験分野	CAD・CAM・CAE	MATLAB
414		0		414	0	STAR-CD	対象外	×			STAR-CD		電気・電子・機械・メカトロ関連	経験分野	CAD・CAM・CAE	STAR-CD
415		0		415	0	PAM-CRASH	対象外	×			PAM-CRASH		電気・電子・機械・メカトロ関連	経験分野	CAD・CAM・CAE	PAM-CRASH
416		0		416	0	MADYMO	対象外	×			MADYMO		電気・電子・機械・メカトロ関連	経験分野	CAD・CAM・CAE	MADYMO
417		0		417	0	MicroCADAM	対象外	×			MicroCADAM		電気・電子・機械・メカトロ関連	経験分野	CAD・CAM・CAE	MicroCADAM
418		0		418	0	AutoCAD	対象外	×			AutoCAD		電気・電子・機械・メカトロ関連	経験分野	CAD・CAM・CAE	AutoCAD
419		0		419	0	その他2次元CAD/CAM	対象外	×			その他2次元CAD/CAM		電気・電子・機械・メカトロ関連	経験分野	CAD・CAM・CAE	その他2次元CAD/CAM
420		0		420	0	その他3次元CAD/CAM	対象外	×			その他3次元CAD/CAM		電気・電子・機械・メカトロ関連	経験分野	CAD・CAM・CAE	その他3次元CAD/CAM
421	Grp2	421	技術系（電気・電子・機械・メカトロ関連）	421	421	VHDL		◯	技術系（電気・電子・機械・メカトロ関連）	回路設計ツール	VHDL		電気・電子・機械・メカトロ関連	保有スキル	回路設計ツール	VHDL
422	Grp2	422	技術系（電気・電子・機械・メカトロ関連）	422	422	Verilog-HDL		◯	技術系（電気・電子・機械・メカトロ関連）	回路設計ツール	Verilog-HDL		電気・電子・機械・メカトロ関連	保有スキル	回路設計ツール	Verilog-HDL
423	Grp2	423	技術系（電気・電子・機械・メカトロ関連）	423	423	SPICE		◯	技術系（電気・電子・機械・メカトロ関連）	回路設計ツール	SPICE		電気・電子・機械・メカトロ関連	保有スキル	回路設計ツール	SPICE
424	Grp2	424	技術系（電気・電子・機械・メカトロ関連）	424	424	その他EDA		◯	技術系（電気・電子・機械・メカトロ関連）	回路設計ツール	その他EDA		電気・電子・機械・メカトロ関連	保有スキル	回路設計ツール	その他EDA
425	Grp2	425	技術系（電気・電子・機械・メカトロ関連）	425	425	高周波理論		◯	技術系（電気・電子・機械・メカトロ関連）	電気/電子理論・知識・技術	高周波理論		電気・電子・機械・メカトロ関連	保有スキル	電気/電子理論・知識・技術	高周波理論
426	Grp2	426	技術系（電気・電子・機械・メカトロ関連）	426	426	低周波理論		◯	技術系（電気・電子・機械・メカトロ関連）	電気/電子理論・知識・技術	低周波理論		電気・電子・機械・メカトロ関連	保有スキル	電気/電子理論・知識・技術	低周波理論
427	Grp2	427	技術系（電気・電子・機械・メカトロ関連）	427	427	マイクロ波理論		◯	技術系（電気・電子・機械・メカトロ関連）	電気/電子理論・知識・技術	マイクロ波理論		電気・電子・機械・メカトロ関連	保有スキル	電気/電子理論・知識・技術	マイクロ波理論
428	Grp2	428	技術系（電気・電子・機械・メカトロ関連）	428	428	ミリ波理論		◯	技術系（電気・電子・機械・メカトロ関連）	電気/電子理論・知識・技術	ミリ波理論		電気・電子・機械・メカトロ関連	保有スキル	電気/電子理論・知識・技術	ミリ波理論
429	Grp2	429	技術系（電気・電子・機械・メカトロ関連）	429	429	オプトエレクトロニクス		◯	技術系（電気・電子・機械・メカトロ関連）	電気/電子理論・知識・技術	オプトエレクトロニクス		電気・電子・機械・メカトロ関連	保有スキル	電気/電子理論・知識・技術	オプトエレクトロニクス
430	Grp2	430	技術系（電気・電子・機械・メカトロ関連）	430	430	ノイズ処理・EMC		◯	技術系（電気・電子・機械・メカトロ関連）	電気/電子理論・知識・技術	ノイズ処理・EMC		電気・電子・機械・メカトロ関連	保有スキル	電気/電子理論・知識・技術	ノイズ処理・EMC
431	Grp2	431	技術系（電気・電子・機械・メカトロ関連）	431	431	スイッチングレギュレータ		◯	技術系（電気・電子・機械・メカトロ関連）	電気/電子理論・知識・技術	スイッチングレギュレータ		電気・電子・機械・メカトロ関連	保有スキル	電気/電子理論・知識・技術	スイッチングレギュレータ
432	Grp2	432	技術系（電気・電子・機械・メカトロ関連）	432	432	センサー		◯	技術系（電気・電子・機械・メカトロ関連）	電気/電子理論・知識・技術	センサー		電気・電子・機械・メカトロ関連	保有スキル	電気/電子理論・知識・技術	センサー
433	Grp2	433	技術系（電気・電子・機械・メカトロ関連）	433	433	アクチュエータ		◯	技術系（電気・電子・機械・メカトロ関連）	電気/電子理論・知識・技術	アクチュエータ		電気・電子・機械・メカトロ関連	保有スキル	電気/電子理論・知識・技術	アクチュエータ
434	Grp2	434	技術系（電気・電子・機械・メカトロ関連）	434	434	画像圧縮技術		◯	技術系（電気・電子・機械・メカトロ関連）	圧縮技術	画像圧縮技術		電気・電子・機械・メカトロ関連	保有スキル	圧縮技術	画像圧縮技術
435	Grp2	435	技術系（電気・電子・機械・メカトロ関連）	435	435	音声圧縮技術		◯	技術系（電気・電子・機械・メカトロ関連）	圧縮技術	音声圧縮技術		電気・電子・機械・メカトロ関連	保有スキル	圧縮技術	音声圧縮技術
436	Grp2	436	技術系（電気・電子・機械・メカトロ関連）	436	436	動画圧縮技術		◯	技術系（電気・電子・機械・メカトロ関連）	圧縮技術	動画圧縮技術		電気・電子・機械・メカトロ関連	保有スキル	圧縮技術	動画圧縮技術
437	Grp2	437	技術系（電気・電子・機械・メカトロ関連）	437	437	Bluetooth		◯	技術系（電気・電子・機械・メカトロ関連）	通信規格・プロトコル	Bluetooth		電気・電子・機械・メカトロ関連	保有スキル	通信規格・プロトコル	Bluetooth
438	Grp2	438	技術系（電気・電子・機械・メカトロ関連）	438	438	IrDA		◯	技術系（電気・電子・機械・メカトロ関連）	通信規格・プロトコル	IrDA		電気・電子・機械・メカトロ関連	保有スキル	通信規格・プロトコル	IrDA
439	Grp2	439	技術系（電気・電子・機械・メカトロ関連）	439	439	USB		◯	技術系（電気・電子・機械・メカトロ関連）	通信規格・プロトコル	USB		電気・電子・機械・メカトロ関連	保有スキル	通信規格・プロトコル	USB
440	Grp2	440	技術系（電気・電子・機械・メカトロ関連）	440	440	IEEE1284		◯	技術系（電気・電子・機械・メカトロ関連）	通信規格・プロトコル	IEEE1284		電気・電子・機械・メカトロ関連	保有スキル	通信規格・プロトコル	IEEE1284
441	Grp2	441	技術系（電気・電子・機械・メカトロ関連）	441	441	IEEE1394		◯	技術系（電気・電子・機械・メカトロ関連）	通信規格・プロトコル	IEEE1394		電気・電子・機械・メカトロ関連	保有スキル	通信規格・プロトコル	IEEE1394
442	Grp2	442	技術系（電気・電子・機械・メカトロ関連）	442	442	IPv6		◯	技術系（電気・電子・機械・メカトロ関連）	通信規格・プロトコル	IPv6		電気・電子・機械・メカトロ関連	保有スキル	通信規格・プロトコル	IPv6
443	Grp2	443	技術系（電気・電子・機械・メカトロ関連）	443	443	TCP/IP		◯	技術系（電気・電子・機械・メカトロ関連）	通信規格・プロトコル	TCP/IP		電気・電子・機械・メカトロ関連	保有スキル	通信規格・プロトコル	TCP/IP
444	Grp2	444	技術系（電気・電子・機械・メカトロ関連）	444	444	ＶoＩP		◯	技術系（電気・電子・機械・メカトロ関連）	通信規格・プロトコル	ＶoＩP		電気・電子・機械・メカトロ関連	保有スキル	通信規格・プロトコル	ＶoＩP
445	Grp2	445	技術系（電気・電子・機械・メカトロ関連）	445	445	SONET/SDH		◯	技術系（電気・電子・機械・メカトロ関連）	通信規格・プロトコル	SONET/SDH		電気・電子・機械・メカトロ関連	保有スキル	通信規格・プロトコル	SONET/SDH
446	Grp2	446	技術系（電気・電子・機械・メカトロ関連）	446	446	CDMA		◯	技術系（電気・電子・機械・メカトロ関連）	通信規格・プロトコル	CDMA		電気・電子・機械・メカトロ関連	保有スキル	通信規格・プロトコル	CDMA
447	Grp2	447	技術系（電気・電子・機械・メカトロ関連）	447	447	RF		◯	技術系（電気・電子・機械・メカトロ関連）	通信規格・プロトコル	RF		電気・電子・機械・メカトロ関連	保有スキル	通信規格・プロトコル	RF
448		0		448	0	研究・開発関連	対象外	×			研究・開発関連		素材・化学、医薬、建築、他技術関連職種	経験業務	素材・化学関連	研究・開発関連
449		0		449	0	生産技術関連	対象外	×			生産技術関連		素材・化学、医薬、建築、他技術関連職種	経験業務	素材・化学関連	生産技術関連
450		0		450	0	生産管理・品質管理	対象外	×			生産管理・品質管理		素材・化学、医薬、建築、他技術関連職種	経験業務	素材・化学関連	生産管理・品質管理
451		0		451	0	サービスエンジニア	対象外	×			サービスエンジニア		素材・化学、医薬、建築、他技術関連職種	経験業務	素材・化学関連	サービスエンジニア
452		0		452	0	セールスエンジニア	対象外	×			セールスエンジニア		素材・化学、医薬、建築、他技術関連職種	経験業務	素材・化学関連	セールスエンジニア
453		0		453	0	研究・開発（医薬・バイオ関連）	対象外	×			研究・開発（医薬・バイオ関連）		素材・化学、医薬、建築、他技術関連職種	経験業務	医薬・バイオ関連	研究・開発（医薬・バイオ関連）
454		0		454	0	臨床開発	対象外	×			臨床開発		素材・化学、医薬、建築、他技術関連職種	経験業務	医薬・バイオ関連	臨床開発
455		0		455	0	生産技術（医薬・バイオ関連）	対象外	×			生産技術（医薬・バイオ関連）		素材・化学、医薬、建築、他技術関連職種	経験業務	医薬・バイオ関連	生産技術（医薬・バイオ関連）
456		0		456	0	生産管理・品質管理	対象外	×			生産管理・品質管理		素材・化学、医薬、建築、他技術関連職種	経験業務	医薬・バイオ関連	生産管理・品質管理
457		0		457	0	申請業務	対象外	×			申請業務		素材・化学、医薬、建築、他技術関連職種	経験業務	医薬・バイオ関連	申請業務
458		0		458	0	建築設計	対象外	×			建築設計		素材・化学、医薬、建築、他技術関連職種	経験業務	建築・設備、土木関連	建築設計
459		0		459	0	土木設計	対象外	×			土木設計		素材・化学、医薬、建築、他技術関連職種	経験業務	建築・設備、土木関連	土木設計
460		0		460	0	設備設計	対象外	×			設備設計		素材・化学、医薬、建築、他技術関連職種	経験業務	建築・設備、土木関連	設備設計
461		0		461	0	施工管理・設備工事	対象外	×			施工管理・設備工事		素材・化学、医薬、建築、他技術関連職種	経験業務	建築・設備、土木関連	施工管理・設備工事
462		0		462	0	積算	対象外	×			積算		素材・化学、医薬、建築、他技術関連職種	経験業務	建築・設備、土木関連	積算
463		0		463	0	国内特許関連実務	対象外	×			国内特許関連実務		素材・化学、医薬、建築、他技術関連職種	経験業務	その他技術関連	国内特許関連実務
464		0		464	0	国外特許関連実務	対象外	×			国外特許関連実務		素材・化学、医薬、建築、他技術関連職種	経験業務	その他技術関連	国外特許関連実務
465		0		465	0	テクニカルライティング	対象外	×			テクニカルライティング		素材・化学、医薬、建築、他技術関連職種	経験業務	その他技術関連	テクニカルライティング
466		0		466	0	石油化学関連	対象外	×			石油化学関連		素材・化学、医薬、建築、他技術関連職種	経験分野	素材・化学関連	石油化学関連
467		0		467	0	プラスチック	対象外	×			プラスチック		素材・化学、医薬、建築、他技術関連職種	経験分野	素材・化学関連	プラスチック
468		0		468	0	合成ゴム	対象外	×			合成ゴム		素材・化学、医薬、建築、他技術関連職種	経験分野	素材・化学関連	合成ゴム
469		0		469	0	その他有機化学工業製品	対象外	×			その他有機化学工業製品		素材・化学、医薬、建築、他技術関連職種	経験分野	素材・化学関連	その他有機化学工業製品
470		0		470	0	農業化学品	対象外	×			農業化学品		素材・化学、医薬、建築、他技術関連職種	経験分野	素材・化学関連	農業化学品
471		0		471	0	その他無機化学工業製品	対象外	×			その他無機化学工業製品		素材・化学、医薬、建築、他技術関連職種	経験分野	素材・化学関連	その他無機化学工業製品
472		0		472	0	合成繊維	対象外	×			合成繊維		素材・化学、医薬、建築、他技術関連職種	経験分野	素材・化学関連	合成繊維
473		0		473	0	各種材料	対象外	×			各種材料		素材・化学、医薬、建築、他技術関連職種	経験分野	素材・化学関連	各種材料
474		0		474	0	その他化学工業製品	対象外	×			その他化学工業製品		素材・化学、医薬、建築、他技術関連職種	経験分野	素材・化学関連	その他化学工業製品
475		0		475	0	医療用医薬品	対象外	×			医療用医薬品		素材・化学、医薬、建築、他技術関連職種	経験分野	医薬・バイオ関連	医療用医薬品
476		0		476	0	一般用医薬品	対象外	×			一般用医薬品		素材・化学、医薬、建築、他技術関連職種	経験分野	医薬・バイオ関連	一般用医薬品
477		0		477	0	医療用品、歯科材料	対象外	×			医療用品、歯科材料		素材・化学、医薬、建築、他技術関連職種	経験分野	医薬・バイオ関連	医療用品、歯科材料
478		0		478	0	化粧・美容品関連	対象外	×			化粧・美容品関連		素材・化学、医薬、建築、他技術関連職種	経験分野	医薬・バイオ関連	化粧・美容品関連
479		0		479	0	その他医薬関連製品	対象外	×			その他医薬関連製品		素材・化学、医薬、建築、他技術関連職種	経験分野	医薬・バイオ関連	その他医薬関連製品
480		0		480	0	食品	対象外	×			食品		素材・化学、医薬、建築、他技術関連職種	経験分野	医薬・バイオ関連	食品
481		0		481	0	飲料	対象外	×			飲料		素材・化学、医薬、建築、他技術関連職種	経験分野	医薬・バイオ関連	飲料
482		0		482	0	飼料	対象外	×			飼料		素材・化学、医薬、建築、他技術関連職種	経験分野	医薬・バイオ関連	飼料
483		0		483	0	タバコ	対象外	×			タバコ		素材・化学、医薬、建築、他技術関連職種	経験分野	医薬・バイオ関連	タバコ
484		0		484	0	その他バイオ関連製品	対象外	×			その他バイオ関連製品		素材・化学、医薬、建築、他技術関連職種	経験分野	医薬・バイオ関連	その他バイオ関連製品
485		0		485	0	調査・分析関連業務	対象外	×			調査・分析関連業務		専門コンサルティング関連職種	経験業務	コンサルティング業務スキル	調査・分析関連業務
486		0		486	0	課題形成・戦略化関連業務	対象外	×			課題形成・戦略化関連業務		専門コンサルティング関連職種	経験業務	コンサルティング業務スキル	課題形成・戦略化関連業務
487		0		487	0	導入・運用サポート関連業務	対象外	×			導入・運用サポート関連業務		専門コンサルティング関連職種	経験業務	コンサルティング業務スキル	導入・運用サポート関連業務
488		0		488	0	プロジェクトマネジメント関連業務	対象外	×			プロジェクトマネジメント関連業務		専門コンサルティング関連職種	経験業務	コンサルティング業務スキル	プロジェクトマネジメント関連業務
489		0		489	0	経営・戦略系	対象外	×			経営・戦略系		専門コンサルティング関連職種	経験業務	サービスライン	経営・戦略系
490		0		490	0	財務・会計系	対象外	×			財務・会計系		専門コンサルティング関連職種	経験業務	サービスライン	財務・会計系
491		0		491	0	組織・人事系	対象外	×			組織・人事系		専門コンサルティング関連職種	経験業務	サービスライン	組織・人事系
492		0		492	0	生産・物流系	対象外	×			生産・物流系		専門コンサルティング関連職種	経験業務	サービスライン	生産・物流系
493		0		493	0	営業・マーケティング系	対象外	×			営業・マーケティング系		専門コンサルティング関連職種	経験業務	サービスライン	営業・マーケティング系
494		0		494	0	官公庁・公共機関	対象外	×			官公庁・公共機関		専門コンサルティング関連職種	経験分野	対象業界（専門コンサルティング関連）	官公庁・公共機関
495		0		495	0	製造	対象外	×			製造		専門コンサルティング関連職種	経験分野	対象業界（専門コンサルティング関連）	製造
496		0		496	0	流通・小売	対象外	×			流通・小売		専門コンサルティング関連職種	経験分野	対象業界（専門コンサルティング関連）	流通・小売
497		0		497	0	金融	対象外	×			金融		専門コンサルティング関連職種	経験分野	対象業界（専門コンサルティング関連）	金融
498		0		498	0	エネルギー	対象外	×			エネルギー		専門コンサルティング関連職種	経験分野	対象業界（専門コンサルティング関連）	エネルギー
499		0		499	0	ハイテク関連	対象外	×			ハイテク関連		専門コンサルティング関連職種	経験分野	対象業界（専門コンサルティング関連）	ハイテク関連
500		0		500	0	通信関連	対象外	×			通信関連		専門コンサルティング関連職種	経験分野	対象業界（専門コンサルティング関連）	通信関連
501		0		501	0	メディア	対象外	×			メディア		専門コンサルティング関連職種	経験分野	対象業界（専門コンサルティング関連）	メディア
502		0		502	0	サービス・その他	対象外	×			サービス・その他		専門コンサルティング関連職種	経験分野	対象業界（専門コンサルティング関連）	サービス・その他
503		0		503	0	営業（法人向け）	対象外	×			営業（法人向け）		営業関連職種	経験業務	営業職関連	営業（法人向け）
504		0		504	0	営業（個人向け）	対象外	×			営業（個人向け）		営業関連職種	経験業務	営業職関連	営業（個人向け）
505		0		505	0	技術営業、システム営業	対象外	×			技術営業、システム営業		営業関連職種	経験業務	営業職関連	技術営業、システム営業
506		0		506	0	ルートセールス	対象外	×			ルートセールス		営業関連職種	経験業務	営業職関連	ルートセールス
507		0		507	0	内勤営業、カウンターセールス	対象外	×			内勤営業、カウンターセールス		営業関連職種	経験業務	営業職関連	内勤営業、カウンターセールス
508		0		508	0	海外営業	対象外	×			海外営業		営業関連職種	経験業務	営業職関連	海外営業
509		0		509	0	代理店管理	対象外	×			代理店管理		営業関連職種	経験業務	営業職関連	代理店管理
510		0		510	0	MR（医療情報担当者）	対象外	×			MR（医療情報担当者）		営業関連職種	経験業務	営業職関連	MR（医療情報担当者）
511		0		511	0	営業マネジャー、営業管理	対象外	×			営業マネジャー、営業管理		営業関連職種	経験業務	営業職関連	営業マネジャー、営業管理
512		0		512	0	人材斡旋カウンセラー	対象外	×			人材斡旋カウンセラー		営業関連職種	経験業務	営業職関連	人材斡旋カウンセラー
513		0		513	0	派遣コーディネーター	対象外	×			派遣コーディネーター		営業関連職種	経験業務	営業職関連	派遣コーディネーター
514		0		514	0	その他営業関連職	対象外	×			その他営業関連職		営業関連職種	経験業務	営業職関連	その他営業関連職
515		0		515	0	インバウンド対応(受信業務／問い合わせ対応等)	対象外	×			インバウンド対応(受信業務／問い合わせ対応等)		営業関連職種	経験業務	テレマーケティング関連	インバウンド対応(受信業務／問い合わせ対応等)
516		0		516	0	アウトバウンド対応(発信業務／セールス・調査等)	対象外	×			アウトバウンド対応(発信業務／セールス・調査等)		営業関連職種	経験業務	テレマーケティング関連	アウトバウンド対応(発信業務／セールス・調査等)
517		0		517	0	センターのマネジメント	対象外	×			センターのマネジメント		営業関連職種	経験業務	テレマーケティング関連	センターのマネジメント
518		0		518	0	新規センター設立	対象外	×			新規センター設立		営業関連職種	経験業務	テレマーケティング関連	新規センター設立
519		0		519	0	ソフトウェア、システム開発関連	対象外	×			ソフトウェア、システム開発関連		営業関連職種	経験分野	取扱商品・サービス分野	ソフトウェア、システム開発関連
520		0		520	0	コンサルティング、シンクタンク	対象外	×			コンサルティング、シンクタンク		営業関連職種	経験分野	取扱商品・サービス分野	コンサルティング、シンクタンク
521		0		521	0	通信サービス	対象外	×			通信サービス		営業関連職種	経験分野	取扱商品・サービス分野	通信サービス
522		0		522	0	インターネット関連	対象外	×			インターネット関連		営業関連職種	経験分野	取扱商品・サービス分野	インターネット関連
523		0		523	0	電気機器	対象外	×			電気機器		営業関連職種	経験分野	取扱商品・サービス分野	電気機器
524		0		524	0	精密機器	対象外	×			精密機器		営業関連職種	経験分野	取扱商品・サービス分野	精密機器
525		0		525	0	半導体・電気・電子部品	対象外	×			半導体・電気・電子部品		営業関連職種	経験分野	取扱商品・サービス分野	半導体・電気・電子部品
526		0		526	0	コンピュータ・通信機器	対象外	×			コンピュータ・通信機器		営業関連職種	経験分野	取扱商品・サービス分野	コンピュータ・通信機器
527		0		527	0	自動車・輸送用機器	対象外	×			自動車・輸送用機器		営業関連職種	経験分野	取扱商品・サービス分野	自動車・輸送用機器
528		0		528	0	工作・加工機械・FA設備	対象外	×			工作・加工機械・FA設備		営業関連職種	経験分野	取扱商品・サービス分野	工作・加工機械・FA設備
529		0		529	0	プラント設備	対象外	×			プラント設備		営業関連職種	経験分野	取扱商品・サービス分野	プラント設備
530		0		530	0	産業機械・設備	対象外	×			産業機械・設備		営業関連職種	経験分野	取扱商品・サービス分野	産業機械・設備
531		0		531	0	機械部品関連	対象外	×			機械部品関連		営業関連職種	経験分野	取扱商品・サービス分野	機械部品関連
532		0		532	0	化学、素材	対象外	×			化学、素材		営業関連職種	経験分野	取扱商品・サービス分野	化学、素材
533		0		533	0	医薬品、バイオ、食品	対象外	×			医薬品、バイオ、食品		営業関連職種	経験分野	取扱商品・サービス分野	医薬品、バイオ、食品
534		0		534	0	金融・保険・証券	対象外	×			金融・保険・証券		営業関連職種	経験分野	取扱商品・サービス分野	金融・保険・証券
535		0		535	0	商社、流通	対象外	×			商社、流通		営業関連職種	経験分野	取扱商品・サービス分野	商社、流通
536		0		536	0	サービス、レジャー、飲食	対象外	×			サービス、レジャー、飲食		営業関連職種	経験分野	取扱商品・サービス分野	サービス、レジャー、飲食
537		0		537	0	ファッション、アパレル	対象外	×			ファッション、アパレル		営業関連職種	経験分野	取扱商品・サービス分野	ファッション、アパレル
538		0		538	0	運輸・交通	対象外	×			運輸・交通		営業関連職種	経験分野	取扱商品・サービス分野	運輸・交通
539		0		539	0	住宅・不動産・建築・土木	対象外	×			住宅・不動産・建築・土木		営業関連職種	経験分野	取扱商品・サービス分野	住宅・不動産・建築・土木
540		0		540	0	放送・出版・広告・マスコミ・印刷	対象外	×			放送・出版・広告・マスコミ・印刷		営業関連職種	経験分野	取扱商品・サービス分野	放送・出版・広告・マスコミ・印刷
541		0		541	0	人材サービス	対象外	×			人材サービス		営業関連職種	経験分野	取扱商品・サービス分野	人材サービス
542		0		542	0	ゲーム・各種ソフト	対象外	×			ゲーム・各種ソフト		営業関連職種	経験分野	取扱商品・サービス分野	ゲーム・各種ソフト
543		0		543	0	スクール・教育関連	対象外	×			スクール・教育関連		営業関連職種	経験分野	取扱商品・サービス分野	スクール・教育関連
544		0		544	0	その他	対象外	×			その他		営業関連職種	経験分野	取扱商品・サービス分野	その他
545		0		545	0	店舗開発	対象外	×			店舗開発		販売関連職種	経験業務	販売・サービス関連	店舗開発
546		0		546	0	バイヤー	対象外	×			バイヤー		販売関連職種	経験業務	販売・サービス関連	バイヤー
547		0		547	0	スーパーバイザー	対象外	×			スーパーバイザー		販売関連職種	経験業務	販売・サービス関連	スーパーバイザー
548		0		548	0	エリアマネジャー	対象外	×			エリアマネジャー		販売関連職種	経験業務	販売・サービス関連	エリアマネジャー
549		0		549	0	店長	対象外	×			店長		販売関連職種	経験業務	販売・サービス関連	店長
550		0		550	0	販売担当	対象外	×			販売担当		販売関連職種	経験業務	販売・サービス関連	販売担当
551		0		551	0	飲食関連スタッフ	対象外	×			飲食関連スタッフ		販売関連職種	経験業務	販売・サービス関連	飲食関連スタッフ
552		0		552	0	その他販売関連職	対象外	×			その他販売関連職		販売関連職種	経験業務	販売・サービス関連	その他販売関連職
553		0		553	0	その他サービス関連職	対象外	×			その他サービス関連職		販売関連職種	経験業務	販売・サービス関連	その他サービス関連職
554		0		554	0	百貨店	対象外	×			百貨店		販売関連職種	経験分野	業種業態	百貨店
555		0		555	0	スーパーマーケット	対象外	×			スーパーマーケット		販売関連職種	経験分野	業種業態	スーパーマーケット
556		0		556	0	コンビニエンスストア	対象外	×			コンビニエンスストア		販売関連職種	経験分野	業種業態	コンビニエンスストア
557		0		557	0	量販店	対象外	×			量販店		販売関連職種	経験分野	業種業態	量販店
558		0		558	0	専門店	対象外	×			専門店		販売関連職種	経験分野	業種業態	専門店
559		0		559	0	ファミリーレストラン	対象外	×			ファミリーレストラン		販売関連職種	経験分野	業種業態	ファミリーレストラン
560		0		560	0	ファーストフード	対象外	×			ファーストフード		販売関連職種	経験分野	業種業態	ファーストフード
561		0		561	0	飲食店	対象外	×			飲食店		販売関連職種	経験分野	業種業態	飲食店
562		0		562	0	アミューズメント	対象外	×			アミューズメント		販売関連職種	経験分野	業種業態	アミューズメント
563		0		563	0	ホテル	対象外	×			ホテル		販売関連職種	経験分野	業種業態	ホテル
564		0		564	0	ブライダル	対象外	×			ブライダル		販売関連職種	経験分野	業種業態	ブライダル
565		0		565	0	その他	対象外	×			その他		販売関連職種	経験分野	業種業態	その他
566		0		566	0	調査・分析	対象外	×			調査・分析		企画・事務関連職	経験業務	マーケティング、企画関連	調査・分析
567		0		567	0	新製品・サービス企画	対象外	×			新製品・サービス企画		企画・事務関連職	経験業務	マーケティング、企画関連	新製品・サービス企画
568		0		568	0	販売計画	対象外	×			販売計画		企画・事務関連職	経験業務	マーケティング、企画関連	販売計画
569		0		569	0	販売チャネル構築・管理	対象外	×			販売チャネル構築・管理		企画・事務関連職	経験業務	マーケティング、企画関連	販売チャネル構築・管理
570		0		570	0	販促企画	対象外	×			販促企画		企画・事務関連職	経験業務	マーケティング、企画関連	販促企画
571		0		571	0	イベント企画・運営	対象外	×			イベント企画・運営		企画・事務関連職	経験業務	マーケティング、企画関連	イベント企画・運営
572		0		572	0	社外広報	対象外	×			社外広報		企画・事務関連職	経験業務	広報、宣伝、ＩＲ関連	社外広報
573		0		573	0	社内広報	対象外	×			社内広報		企画・事務関連職	経験業務	広報、宣伝、ＩＲ関連	社内広報
574	Grp3	574	経営・企画・バックオフィス系	574	574	宣伝計画・予算管理		◯	経営・企画・バックオフィス系	広報・IR系	宣伝計画・予算管理		企画・事務関連職	経験業務	広報、宣伝、ＩＲ関連	宣伝計画・予算管理
575	Grp3	575	経営・企画・バックオフィス系	575	575	メディア選定・クリエイティブ管理		◯	経営・企画・バックオフィス系	広報・IR系	メディア選定・クリエイティブ管理		企画・事務関連職	経験業務	広報、宣伝、ＩＲ関連	メディア選定・クリエイティブ管理
576	Grp3	576	経営・企画・バックオフィス系	576	576	ＩＲ実務		◯	経営・企画・バックオフィス系	広報・IR系	ＩＲ実務		企画・事務関連職	経験業務	広報、宣伝、ＩＲ関連	ＩＲ実務
577	Grp3	577	経営・企画・バックオフィス系	577	577	経営分析		◯	経営・企画・バックオフィス系	広報・IR系	経営分析		企画・事務関連職	経験業務	経営企画、事業計画関連	経営分析
578		0		578	0	経営方針・目標立案	対象外	×			経営方針・目標立案		企画・事務関連職	経験業務	経営企画、事業計画関連	経営方針・目標立案
579	Grp3	579	経営・企画・バックオフィス系	579	579	年次経営計画立案		◯	経営・企画・バックオフィス系	経営戦略系	年次経営計画立案		企画・事務関連職	経験業務	経営企画、事業計画関連	年次経営計画立案
580	Grp3	580	経営・企画・バックオフィス系	580	580	中長期経営計画立案		◯	経営・企画・バックオフィス系	経営戦略系	中長期経営計画立案		企画・事務関連職	経験業務	経営企画、事業計画関連	中長期経営計画立案
581		0		581	0	その他関連実務	対象外	×			その他関連実務		企画・事務関連職	経験業務	経営企画、事業計画関連	その他関連実務
582		0		582	0	総務関連業務	対象外	×			総務関連業務		企画・事務関連職	経験業務	総務、人事、労務	総務関連業務
583		0		583	0	人員計画・人事制度立案	対象外	×			人員計画・人事制度立案		企画・事務関連職	経験業務	総務、人事、労務	人員計画・人事制度立案
584		0		584	0	採用実務	対象外	×			採用実務		企画・事務関連職	経験業務	総務、人事、労務	採用実務
585	Grp3	585	経営・企画・バックオフィス系	585	585	人材教育・研修		◯	経営・企画・バックオフィス系	総務、人事、労務	人材教育・研修		企画・事務関連職	経験業務	総務、人事、労務	人材教育・研修
586	Grp3	586	経営・企画・バックオフィス系	586	586	人事管理		◯	経営・企画・バックオフィス系	総務、人事、労務	人事管理		企画・事務関連職	経験業務	総務、人事、労務	人事管理
587	Grp3	587	経営・企画・バックオフィス系	587	587	労務管理		◯	経営・企画・バックオフィス系	総務、人事、労務	労務管理		企画・事務関連職	経験業務	総務、人事、労務	労務管理
588	Grp3	588	経営・企画・バックオフィス系	588	588	管理会計		◯	経営・企画・バックオフィス系	総務、人事、労務	管理会計		企画・事務関連職	経験業務	経理、財務、会計	管理会計
589		0		589	0	経営分析	対象外	×			経営分析		企画・事務関連職	経験業務	経理、財務、会計	経営分析
590		0		590	0	税務対応	対象外	×			税務対応		企画・事務関連職	経験業務	経理、財務、会計	税務対応
591	Grp3	591	経営・企画・バックオフィス系	591	591	監査対応		◯	経営・企画・バックオフィス系	経理、財務、会計	監査対応		企画・事務関連職	経験業務	経理、財務、会計	監査対応
592	Grp3	592	経営・企画・バックオフィス系	592	592	資金計画・運用		◯	経営・企画・バックオフィス系	経理、財務、会計	資金計画・運用		企画・事務関連職	経験業務	経理、財務、会計	資金計画・運用
593	Grp3	593	経営・企画・バックオフィス系	593	593	入出金関連		◯	経営・企画・バックオフィス系	経理、財務、会計	入出金関連		企画・事務関連職	経験業務	経理、財務、会計	入出金関連
594	Grp3	594	経営・企画・バックオフィス系	594	594	決算関連		◯	経営・企画・バックオフィス系	経理、財務、会計	決算関連		企画・事務関連職	経験業務	経理、財務、会計	決算関連
595	Grp3	595	経営・企画・バックオフィス系	595	595	連結決算関連		◯	経営・企画・バックオフィス系	経理、財務、会計	連結決算関連		企画・事務関連職	経験業務	経理、財務、会計	連結決算関連
596	Grp3	596	経営・企画・バックオフィス系	596	596	原価企画関連		◯	経営・企画・バックオフィス系	経理、財務、会計	原価企画関連		企画・事務関連職	経験業務	経理、財務、会計	原価企画関連
597	Grp3	597	経営・企画・バックオフィス系	597	597	証券取引関連		◯	経営・企画・バックオフィス系	経理、財務、会計	証券取引関連		企画・事務関連職	経験業務	経理、財務、会計	証券取引関連
598	Grp3	598	経営・企画・バックオフィス系	598	598	株式公開関連		◯	経営・企画・バックオフィス系	経理、財務、会計	株式公開関連		企画・事務関連職	経験業務	経理、財務、会計	株式公開関連
599	Grp3	599	経営・企画・バックオフィス系	599	599	法務関連		◯	経営・企画・バックオフィス系	法務、特許	法務関連		企画・事務関連職	経験業務	法務、特許	法務関連
600	Grp3	600	経営・企画・バックオフィス系	600	600	国内特許関連		◯	経営・企画・バックオフィス系	法務、特許	国内特許関連		企画・事務関連職	経験業務	法務、特許	国内特許関連
601	Grp3	601	経営・企画・バックオフィス系	601	601	国外特許関連		◯	経営・企画・バックオフィス系	法務、特許	国外特許関連		企画・事務関連職	経験業務	法務、特許	国外特許関連
602		0		602	0	国内調達関連	対象外	×			国内調達関連		企画・事務関連職	経験業務	購買、仕入	国内調達関連
603		0		603	0	国外調達関連	対象外	×			国外調達関連		企画・事務関連職	経験業務	購買、仕入	国外調達関連
604		0		604	0	一般事務・営業事務業務	対象外	×			一般事務・営業事務業務		企画・事務関連職	経験業務	事務、秘書、その他	一般事務・営業事務業務
605		0		605	0	貿易事務業務	対象外	×			貿易事務業務		企画・事務関連職	経験業務	事務、秘書、その他	貿易事務業務
606		0		606	0	秘書・受付業務	対象外	×			秘書・受付業務		企画・事務関連職	経験業務	事務、秘書、その他	秘書・受付業務
607		0		607	0	その他企画、事務関連	対象外	×			その他企画、事務関連		企画・事務関連職	経験業務	事務、秘書、その他	その他企画、事務関連
608		0		608	0	銀行	対象外	×			銀行		金融関連職	経験業務	営業関連	銀行
609		0		609	0	信託銀行	対象外	×			信託銀行		金融関連職	経験業務	営業関連	信託銀行
610		0		610	0	証券	対象外	×			証券		金融関連職	経験業務	営業関連	証券
611		0		611	0	生命保険・損害保険	対象外	×			生命保険・損害保険		金融関連職	経験業務	営業関連	生命保険・損害保険
612		0		612	0	クレジット・信販・ノンバンク	対象外	×			クレジット・信販・ノンバンク		金融関連職	経験業務	営業関連	クレジット・信販・ノンバンク
613		0		613	0	ベンチャーキャピタル	対象外	×			ベンチャーキャピタル		金融関連職	経験業務	営業関連	ベンチャーキャピタル
614		0		614	0	投信投資顧問	対象外	×			投信投資顧問		金融関連職	経験業務	営業関連	投信投資顧問
615		0		615	0	商品取引	対象外	×			商品取引		金融関連職	経験業務	営業関連	商品取引
616		0		616	0	銀行	対象外	×			銀行		金融関連職	経験業務	商品開発関連	銀行
617		0		617	0	信託銀行	対象外	×			信託銀行		金融関連職	経験業務	商品開発関連	信託銀行
618		0		618	0	証券	対象外	×			証券		金融関連職	経験業務	商品開発関連	証券
619		0		619	0	生命保険・損害保険	対象外	×			生命保険・損害保険		金融関連職	経験業務	商品開発関連	生命保険・損害保険
620		0		620	0	クレジット・信販・ノンバンク	対象外	×			クレジット・信販・ノンバンク		金融関連職	経験業務	商品開発関連	クレジット・信販・ノンバンク
621		0		621	0	サービス企画開発	対象外	×			サービス企画開発		金融関連職	経験業務	商品開発関連	サービス企画開発
622		0		622	0	EC関連サービス企画開発	対象外	×			EC関連サービス企画開発		金融関連職	経験業務	商品開発関連	EC関連サービス企画開発
623		0		623	0	アクチュアリー	対象外	×			アクチュアリー		金融関連職	経験業務	商品開発関連	アクチュアリー
624		0		624	0	株式	対象外	×			株式		金融関連職	経験業務	運用関連	株式
625		0		625	0	債権	対象外	×			債権		金融関連職	経験業務	運用関連	債権
626		0		626	0	為替	対象外	×			為替		金融関連職	経験業務	運用関連	為替
627		0		627	0	投資信託	対象外	×			投資信託		金融関連職	経験業務	運用関連	投資信託
628		0		628	0	年金	対象外	×			年金		金融関連職	経験業務	運用関連	年金
629		0		629	0	クオンツ運用業務	対象外	×			クオンツ運用業務		金融関連職	経験業務	その他金融関連	クオンツ運用業務
630		0		630	0	投資銀行業務	対象外	×			投資銀行業務		金融関連職	経験業務	その他金融関連	投資銀行業務
631		0		631	0	アクチュアリー	対象外	×			アクチュアリー		金融関連職	経験業務	その他金融関連	アクチュアリー
632		0		632	0	リサーチ業務	対象外	×			リサーチ業務		金融関連職	経験業務	その他金融関連	リサーチ業務
633		0		633	0	事務・管理・調査業務	対象外	×			事務・管理・調査業務		金融関連職	経験業務	その他金融関連	事務・管理・調査業務
634		0		634	0	その他	対象外	×			その他		金融関連職	経験業務	その他金融関連	その他
635		0		635	0	用地仕入	対象外	×			用地仕入		金融関連職	経験業務	不動産関連	用地仕入
636		0		636	0	不動産鑑定	対象外	×			不動産鑑定		金融関連職	経験業務	不動産関連	不動産鑑定
637		0		637	0	不動産管理	対象外	×			不動産管理		金融関連職	経験業務	不動産関連	不動産管理
638		0		638	0	プロパティマネジャー・アセットマネジャー	対象外	×			プロパティマネジャー・アセットマネジャー		金融関連職	経験業務	不動産関連	プロパティマネジャー・アセットマネジャー
639		0		639	0	ファシリティマネジャー	対象外	×			ファシリティマネジャー		金融関連職	経験業務	不動産関連	ファシリティマネジャー
640		0		640	0	不動産事業企画	対象外	×			不動産事業企画		金融関連職	経験業務	不動産関連	不動産事業企画
641		0		641	0	その他不動産専門職	対象外	×			その他不動産専門職		金融関連職	経験業務	不動産関連	その他不動産専門職
642		0		642	0	講師	対象外	×			講師		その他専門職	経験業務	インストラクター、講師、通訳、その他	講師
643		0		643	0	インストラクター（IT系）	対象外	×			インストラクター（IT系）		その他専門職	経験業務	インストラクター、講師、通訳、その他	インストラクター（IT系）
644		0		644	0	インストラクター（スポーツ系）	対象外	×			インストラクター（スポーツ系）		その他専門職	経験業務	インストラクター、講師、通訳、その他	インストラクター（スポーツ系）
645		0		645	0	通訳、翻訳	対象外	×			通訳、翻訳		その他専門職	経験業務	インストラクター、講師、通訳、その他	通訳、翻訳
646		0		646	0	その他専門職	対象外	×			その他専門職		その他専門職	経験業務	インストラクター、講師、通訳、その他	その他専門職
647		0		647	0	Webプロデューサー・Webディレクター	対象外	×			Webプロデューサー・Webディレクター		クリエイティブ関連職種	経験業務	インターネット	Webプロデューサー・Webディレクター
648		0		648	0	Webマスター	対象外	×			Webマスター		クリエイティブ関連職種	経験業務	インターネット	Webマスター
649		0		649	0	Webデザイナー	対象外	×			Webデザイナー		クリエイティブ関連職種	経験業務	インターネット	Webデザイナー
650		0		650	0	コンテンツ企画・制作	対象外	×			コンテンツ企画・制作		クリエイティブ関連職種	経験業務	インターネット	コンテンツ企画・制作
651		0		651	0	プロデューサー（ゲーム）	対象外	×			プロデューサー（ゲーム）		クリエイティブ関連職種	経験業務	ゲーム関連	プロデューサー（ゲーム）
652		0		652	0	ディレクター（ゲーム）	対象外	×			ディレクター（ゲーム）		クリエイティブ関連職種	経験業務	ゲーム関連	ディレクター（ゲーム）
653		0		653	0	シナリオライター（ゲーム）	対象外	×			シナリオライター（ゲーム）		クリエイティブ関連職種	経験業務	ゲーム関連	シナリオライター（ゲーム）
654		0		654	0	サウンドクリエイター（ゲーム）	対象外	×			サウンドクリエイター（ゲーム）		クリエイティブ関連職種	経験業務	ゲーム関連	サウンドクリエイター（ゲーム）
655		0		655	0	プログラマ（ゲーム）	対象外	×			プログラマ（ゲーム）		クリエイティブ関連職種	経験業務	ゲーム関連	プログラマ（ゲーム）
656		0		656	0	アートディレクター	対象外	×			アートディレクター		クリエイティブ関連職種	経験業務	デザイン関連	アートディレクター
657		0		657	0	エディトリアルデザイナー	対象外	×			エディトリアルデザイナー		クリエイティブ関連職種	経験業務	デザイン関連	エディトリアルデザイナー
658		0		658	0	グラフィックデザイナー	対象外	×			グラフィックデザイナー		クリエイティブ関連職種	経験業務	デザイン関連	グラフィックデザイナー
659		0		659	0	CGデザイナー・プログラマー	対象外	×			CGデザイナー・プログラマー		クリエイティブ関連職種	経験業務	デザイン関連	CGデザイナー・プログラマー
660		0		660	0	編集	対象外	×			編集		クリエイティブ関連職種	経験業務	出版、広告、印刷関連	編集
661		0		661	0	記者・ライター	対象外	×			記者・ライター		クリエイティブ関連職種	経験業務	出版、広告、印刷関連	記者・ライター
662		0		662	0	制作	対象外	×			制作		クリエイティブ関連職種	経験業務	出版、広告、印刷関連	制作
663		0		663	0	進行管理	対象外	×			進行管理		クリエイティブ関連職種	経験業務	出版、広告、印刷関連	進行管理
664		0		664	0	クリエイティブディレクター	対象外	×			クリエイティブディレクター		クリエイティブ関連職種	経験業務	出版、広告、印刷関連	クリエイティブディレクター
665		0		665	0	コピーライター	対象外	×			コピーライター		クリエイティブ関連職種	経験業務	出版、広告、印刷関連	コピーライター
666		0		666	0	イラストレーター	対象外	×			イラストレーター		クリエイティブ関連職種	経験業務	出版、広告、印刷関連	イラストレーター
667		0		667	0	フォトグラファー	対象外	×			フォトグラファー		クリエイティブ関連職種	経験業務	出版、広告、印刷関連	フォトグラファー
668		0		668	0	印刷関連	対象外	×			印刷関連		クリエイティブ関連職種	経験業務	出版、広告、印刷関連	印刷関連
669		0		669	0	映像関連	対象外	×			映像関連		クリエイティブ関連職種	経験業務	映像、音響、イベント関連	映像関連
670		0		670	0	音響関連	対象外	×			音響関連		クリエイティブ関連職種	経験業務	映像、音響、イベント関連	音響関連
671		0		671	0	イベント関連	対象外	×			イベント関連		クリエイティブ関連職種	経験業務	映像、音響、イベント関連	イベント関連
672		0		672	0	ファッションデザイナー	対象外	×			ファッションデザイナー		クリエイティブ関連職種	経験業務	ファッション、インテリア関連、その他	ファッションデザイナー
673		0		673	0	パタンナー	対象外	×			パタンナー		クリエイティブ関連職種	経験業務	ファッション、インテリア関連、その他	パタンナー
674		0		674	0	インテリアデザイナー	対象外	×			インテリアデザイナー		クリエイティブ関連職種	経験業務	ファッション、インテリア関連、その他	インテリアデザイナー
675		0		675	0	その他クリエイティブ関連	対象外	×			その他クリエイティブ関連		クリエイティブ関連職種	経験業務	ファッション、インテリア関連、その他	その他クリエイティブ関連
676	Grp4	676	クリエイティブ系	676	676	Dreamweaver		◯	クリエイティブ系	-	Dreamweaver		クリエイティブ関連職種	使用ソフトウェア	インターネット、DTP関連	Dreamweaver
677		0		677	0	GoLive	対象外	×			GoLive		クリエイティブ関連職種	使用ソフトウェア	インターネット、DTP関連	GoLive
678		0		678	0	Expression Web（FrontPage)	対象外	×			Expression Web（FrontPage)		クリエイティブ関連職種	使用ソフトウェア	インターネット、DTP関連	Expression Web（FrontPage)
679	Grp4	679	クリエイティブ系	679	679	Flash		◯	クリエイティブ系	-	Flash		クリエイティブ関連職種	使用ソフトウェア	インターネット、DTP関連	Flash
680	Grp4	680	クリエイティブ系	680	680	Photoshop		◯	クリエイティブ系	-	Photoshop		クリエイティブ関連職種	使用ソフトウェア	インターネット、DTP関連	Photoshop
681	Grp4	681	クリエイティブ系	681	681	Illustrator		◯	クリエイティブ系	-	Illustrator		クリエイティブ関連職種	使用ソフトウェア	インターネット、DTP関連	Illustrator
682	Grp4	682	クリエイティブ系	682	682	Fireworks		◯	クリエイティブ系	-	Fireworks		クリエイティブ関連職種	使用ソフトウェア	インターネット、DTP関連	Fireworks
683	Grp4	683	クリエイティブ系	683	683	InDesign		◯	クリエイティブ系	-	InDesign		クリエイティブ関連職種	使用ソフトウェア	インターネット、DTP関連	InDesign
684	Grp4	684	クリエイティブ系	684	684	QuarkXPress		◯	クリエイティブ系	-	QuarkXPress		クリエイティブ関連職種	使用ソフトウェア	インターネット、DTP関連	QuarkXPress
685		0		685	0	PageMaker	対象外	×			PageMaker		クリエイティブ関連職種	使用ソフトウェア	インターネット、DTP関連	PageMaker
686		0		686	0	その他インターネット、DTP関連ソフト	対象外	×			その他インターネット、DTP関連ソフト		クリエイティブ関連職種	使用ソフトウェア	インターネット、DTP関連	その他インターネット、DTP関連ソフト